r_name,source_file,r_args
add_gazepoint_decision,analysis-decision-log.R,"log, stage, object_type, object_id = NA_character_, decision, reason = NA_character_, function_name = NA_character_, parameter = NA_character_, value = NA_character_, reviewer_note = NA_character_, timestamp = Sys.time()"
align_gazepoint_biometrics_to_ttl,ttl-alignment.R,"data, ttl_cols = NULL, event_col = NULL, ttl_valid_col = NULL, time_col = NULL, sample_col = NULL, group_cols = NULL, participant_col = NULL, stimulus_col = NULL, trial_col = NULL, event_value = NULL, valid_values = c(TRUE, 1, ""1""), event_edge = c(""rising"", ""change"", ""active""), pre_window_ms = 1000, post_window_ms = 5000, pre_window_samples = NULL, post_window_samples = NULL, collapse_nearby_ms = 0, require_valid_ttl = TRUE"
align_gazepoint_streams_by_events,alignment-aoi-eventlocked-dashboard.R,"reference, target, reference_events, target_events, reference_time_col = NULL, target_time_col = NULL, reference_event_time_col = NULL, target_event_time_col = NULL, event_id_col = NULL, method = c(""linear"", ""offset""), include_streams = TRUE"
align_gazepoint_to_eeg,mne-eeg-lsl-interoperability.R,"gazepoint, gazepoint_events, eeg_events, gazepoint_time_col = NULL, gazepoint_event_time_col = NULL, eeg_event_time_col = NULL, eeg_event_sample_col = NULL, gazepoint_event_id_col = NULL, eeg_event_id_col = NULL, gazepoint_time_unit = c( ""auto"", ""seconds"", ""milliseconds"", ""samples"" ), eeg_time_unit = c( ""auto"", ""seconds"", ""milliseconds"", ""samples"" ), eeg_sampling_rate_hz = NULL, method = c(""offset"", ""linear""), match_by = c(""auto"", ""id"", ""row""), robust = TRUE, maximum_residual_s = NULL, residual_action = c(""error"", ""allow""), output_col = ""time_eeg_s"""
analyze_gazepoint_ac_susceptance,ac-eda-susceptance.R,"dat, conductance_col = NULL, susceptance_col = NULL, admittance_col = NULL, phase_col = NULL, frequency_col = NULL, time_col = NULL, group_cols = NULL"
analyze_gazepoint_cardiorespiratory_causality,cardiorespiratory-causality.R,"dat, respiration_col, cardiac_col, time_col = NULL, group_cols = NULL, lag_order = 3, min_rows = 30, standardise = TRUE"
analyze_gazepoint_skin_potential,advanced-modality-bridges.R,"dat, sp_col, time_col, group_cols = NULL, response_direction = c(""both"", ""positive"", ""negative""), response_threshold = NULL, min_response_distance_s = 1"
anonymize_gazepoint_data,reproducibility-simulation.R,"data, id_cols, prefix = ""P"", width = 3, keep_mapping = TRUE"
assert_gazepoint_columns,roadmap-remaining-helpers.R,"data, required, optional = character(), mode = c(""error"", ""warning"", ""summary""), ignore_case = TRUE"
assess_gazepoint_hrp_waveform_quality,pyppg-hrp-support.R,"data, hrp_col = NULL, time_col = NULL, group_cols = NULL, sampling_rate = NULL, time_unit = c(""auto"", ""ms"", ""seconds"", ""samples""), min_rows = 20, min_finite_prop = 0.80, max_flat_prop = 0.95, flat_tolerance = 1e-8, max_gap_multiplier = 3"
assess_gazepoint_sampling_irregularity,roadmap-exact-backlog-helpers.R,"data, time_col = NULL, group_cols = NULL, nominal_rate_hz = NULL, large_gap_factor = 3"
assign_gazepoint_aoi,aoi-assignment.R,"data, aois, x_col = NULL, y_col = NULL, aoi_label_col = ""aoi"", format = c(""auto"", ""rectangle"", ""polygon""), aoi_id_col = NULL, data_match_cols = NULL, aoi_match_cols = data_match_cols, xmin_col = ""xmin"", xmax_col = ""xmax"", ymin_col = ""ymin"", ymax_col = ""ymax"", vertex_x_col = ""vertex_x"", vertex_y_col = ""vertex_y"", priority_col = NULL, overlap = c( ""priority"", ""first"", ""smallest"", ""all"", ""error"" ), boundary = c(""inside"", ""outside""), output_col = ""AOI"", match_count_col = ""aoi_match_count"", ambiguous_col = ""aoi_ambiguous"", status_col = ""aoi_assignment_status"", all_separator = ""|"", overwrite = FALSE"
audit_gazepoint_beats,beat-correction-audit.R,"data, ibi_col = NULL, beat_time_col = NULL, group_cols = NULL, min_ibi = 300, max_ibi = 2000, duplicate_tolerance = 0, max_relative_change = NULL"
audit_gazepoint_biometric_missingness,validate.R,"data, columns = NULL"
audit_gazepoint_biometric_sampling,sampling.R,"data, group_columns = NULL, time_column = NULL, time_unit = c( ""seconds"", ""milliseconds"", ""microseconds"", ""samples"" ), expected_rate_hz = 60, tolerance_hz = 5"
audit_gazepoint_biometric_sync_drift,sync-drift-diagnostics.R,"data, time_col = NULL, group_cols = NULL, signal_pairs = NULL, signal_cols = NULL, reference_signal_col = NULL, max_lag = 1000, lag_step = NULL, drift_tolerance = NULL, method = c(""pearson"", ""spearman""), min_complete_pairs = 20, use_first_difference = FALSE, include_reset_segments = TRUE"
audit_gazepoint_biometrics_file,frontdoor-audit-missingness.R,"path = NULL, data = NULL, expected_modalities = c(""time"", ""eda"", ""ppg"", ""hr"", ""ibi"", ""pupil"", ""gaze"", ""events""), time_col = NULL, standardize = TRUE, include_data = FALSE, long_gap_s = NULL"
audit_gazepoint_condition_balance,design-event-audit.R,"data, participant_col, condition_col, trial_col = NULL, expected_conditions = NULL"
audit_gazepoint_dataset_structure,dataset-structure-audit.R,"root, expected_dirs = NULL, expected_files = NULL, expected_patterns = NULL, allowed_extensions = c(""csv"", ""tsv"", ""txt"", ""json"", ""xlsx"", ""rds""), require_sidecars = FALSE, recursive = TRUE, include_hidden = FALSE"
audit_gazepoint_distributional_drift,distributional-drift.R,"dat, signal_cols, session_col = ""session"", participant_col = NULL, reference_session = NULL, bins = 10, psi_warn = 0.10, psi_fail = 0.25"
audit_gazepoint_eda_artifacts,eda-artifact-qc.R,"data, signal_col = NULL, time_col = NULL, group_cols = NULL, prefer_gsr_us = TRUE, jump_threshold_sd = 6, slope_threshold_sd = 6, flat_run_length = 20, zero_run_length = 20, saturation_min = NULL, saturation_max = NULL, negative_allowed = NULL"
audit_gazepoint_engagement_dial,quality.R,"data, value_column = ""DIAL"", validity_column = ""DIALV"", min_value = 0, max_value = 1, jump_threshold = NULL"
audit_gazepoint_event_coverage,design-event-audit.R,"data, event_col, participant_col = NULL, trial_col = NULL, condition_col = NULL, expected_events = NULL, unit_cols = NULL"
audit_gazepoint_experiment_design,design-event-audit.R,"data, participant_col, trial_col = NULL, condition_col = NULL, session_col = NULL, expected_conditions = NULL, min_trials_per_condition = 1L"
audit_gazepoint_export_schema,roadmap-exact-backlog-helpers.R,"data, expected_roles = NULL, dictionary = NULL, strict = FALSE"
audit_gazepoint_gsr_quality,quality.R,"data, value_column = NULL, validity_column = ""GSRV"", min_value = 0, max_value = 100, jump_threshold = NULL"
audit_gazepoint_gsr_units,gsr-units-audit.R,"dat, gsr_col = ""GSR"", convert = FALSE, output_col = NULL, resistance_to_us_factor = 1000000"
audit_gazepoint_hr_quality,quality.R,"data, value_column = ""HR"", validity_column = ""HRV"", min_value = 30, max_value = 220, jump_threshold = 25"
audit_gazepoint_ibi_quality,ibi-helpers.R,"data, ibi_col = NULL, group_cols = NULL, time_col = NULL, unit = c(""auto"", ""milliseconds"", ""seconds""), min_ibi_ms = 300, max_ibi_ms = 2000, max_jump_ms = 500"
audit_gazepoint_interoperability_versions,interoperability-version-testing.R,"manifest = gazepoint_interoperability_manifest(), include_python = TRUE, strict = FALSE"
audit_gazepoint_pipeline_steps,pipeline-visualization.R,"pipeline, expected_steps = NULL, required_order = NULL, allow_extra = TRUE"
audit_gazepoint_preregistration_consistency,preregistration-readiness.R,"checklist = NULL, evidence = list(), require_required_fields = TRUE"
audit_gazepoint_pupil_luminance,roadmap-remaining-helpers.R,"data, pupil_col = NULL, luminance_col = NULL, group_cols = NULL, threshold = 0.30, method = c(""pearson"", ""spearman"")"
audit_gazepoint_release_readiness,release-readiness-audit.R,"path = ""."", required_files = c( ""DESCRIPTION"", ""NAMESPACE"", ""R"", ""man"", ""tests/testthat"", ""_pkgdown.yml"" ), expected_exports = NULL, roadmap_terms = NULL, require_pkgdown = TRUE"
audit_gazepoint_session_comparability,session-quality-audit.R,"data, metric_cols, group_cols = NULL, method = c(""both"", ""z"", ""iqr""), z_threshold = 2, iqr_multiplier = 1.5"
audit_gazepoint_signal_activity,time-activity-qc.R,"data, signal_cols = NULL, group_cols = NULL, zero_is_inactive = TRUE, min_unique_nonzero = 2, missing_as_inactive = TRUE"
audit_gazepoint_smoke_privacy,real-data-smoke-harness.R,"x, private_values = NULL"
audit_gazepoint_stabilization_period,environment-confounds-and-ipfm.R,"dat, time_col = ""CNT"", group_cols = NULL, stabilization_minutes = 10, action = c(""flag"", ""trim""), output_col = ""in_stabilization_period"", time_units = c(""auto"", ""seconds"", ""milliseconds"")"
audit_gazepoint_time_resets,time-activity-qc.R,"data, time_col = NULL, group_cols = NULL, allow_ties = TRUE, split_on_negative_step = TRUE, return_reindexed_time = FALSE, min_segment_rows = 1"
audit_gazepoint_timecourse_grid,cluster-permutation-diagnostics.R,"data, subject, condition, time, value = NULL, max_report_cells = 1000L"
baseline_correct_gazepoint_gsr,preprocess.R,"data, baseline_rows, value_column = NULL, validity_column = ""GSRV"", group_columns = NULL, output_column = NULL, summary = c(""mean"", ""median""), exclude_zero = TRUE"
baseline_correct_gazepoint_hr,preprocess.R,"data, baseline_rows, value_column = ""HR"", validity_column = ""HRV"", group_columns = NULL, output_column = NULL, summary = c(""mean"", ""median""), exclude_zero = TRUE"
baseline_correct_gazepoint_pupil,pupil-and-saccade-diagnostics.R,"dat, pupil_col = NULL, time_col = ""CNT"", stimulus_onset_col = NULL, trial_cols = NULL, baseline_window = c(-240, -200), baseline_function = c(""median"", ""mean""), correction = c(""subtract"", ""divide""), suffix = ""_baseline_corrected"", min_baseline_rows = 2, overwrite = FALSE"
build_gazepoint_aoi_timecourse,alignment-aoi-eventlocked-dashboard.R,"data, time_col = NULL, aoi_col = NULL, x_col = NULL, y_col = NULL, aoi_definitions = NULL, group_cols = NULL, bin_width_s = 0.10, valid_col = NULL, include_empty = TRUE"
calculate_gazepoint_rsa,pdr-rsa.R,"dat, ibi_col = ""IBI"", time_col = ""CNT"", group_cols = NULL, pdr = NULL, resp_rate_hz = NULL, respiration_band = c(0.12, 0.40), resample_rate = 4"
check_gazepoint_bids,bids-layout-audit.R,"root, subject_pattern = ""^sub-[A-Za-z0-9]+$"", recursive = TRUE, expected_files = c(""dataset_description.json"", ""participants.tsv""), gazepoint_patterns = c( ""all[_-]?gaze"", ""fixation"", ""summary"", ""biometric"", ""eda"", ""gsr"", ""ecg"", ""ppg"", ""hr"", ""ibi"" )"
check_gazepoint_biometric_columns,import.R,data
check_gazepoint_plot_contract,plot-contracts.R,"plot, require_plot_data = TRUE, require_settings = TRUE"
check_gazepoint_ppg_binary_quality,heartpy-extended.R,"measures = NULL, peaks = NULL, min_peaks = 5L, bpm_range = c(40, 180), max_missing_prop = 0.25"
check_gazepoint_pyhrv_interval,pyhrv-style.R,"nni_ms, min_ms = 250, max_ms = 2500"
chunk_gazepoint_biometrics,simulation-and-chunking.R,"dat, time_col = ""CNT"", group_cols = NULL, chunk_seconds = 60, start_time = NULL, chunk_col = ""chunk_id"", episode_col = ""episode_id"", include_partial = FALSE"
classify_gazepoint_eda_response_pattern,external-eda-method-bridges.R,"data, response_col = NULL, group_cols = NULL, summary_function = c(""max_abs"", ""mean_abs"", ""median_abs""), no_response_threshold = 0.01, low_response_threshold = 0.05, moderate_response_threshold = 0.20"
classify_gazepoint_scr_intervals,eda-intervals-and-kleckner.R,"dat, response_time_col = NULL, stimulus_onset_col = NULL, latency_col = NULL, output_col = ""scr_interval"", latency_output_col = ""scr_latency_s"", fir = c(1, 4), sir = c(4, 7), tir = c(7, 10)"
classify_gazepoint_signal_quality,signal-quality-reporting.R,"quality, rules = NULL"
clean_gazepoint_pupil,roadmap-compatibility-aliases.R,"data, pupil_cols = NULL, time_col = NULL, blink_col = NULL, max_gap_s = NULL, method = c(""linear"", ""constant""), suffix = ""_clean"", prefer_existing = FALSE, ..."
clean_gazepoint_pupil_signal,pupil-gaze-cleaning.R,"data, pupil_cols = NULL, time_col = NULL, group_cols = NULL, validity_cols = NULL, method = c(""linear"", ""locf"", ""nocb"", ""nearest"", ""constant""), max_gap = Inf, spike_mad = 6, combine = c(""all"", ""any""), min_blink_samples = 1L, suffix = ""_clean"", keep_flags = TRUE"
clean_gazepoint_rr_intervals,heartpy-extended.R,"rr_ms, method = c(""quotient"", ""iqr"", ""modified_z"", ""zscore"", ""none""), group_col = ""group"", quotient_threshold = 0.20, iqr_multiplier = 1.5, z_threshold = 3.5"
combine_gazepoint_marker_channels_pspm_style,pspm-style.R,"data, marker_cols = NULL, time_col = NULL, sampling_rate_hz = NULL, group_cols = NULL, combined_col = ""pspm_marker"""
compare_gazepoint_conditions_bootstrap,condition-bootstrap.R,"data, outcome_col, condition_col, participant_col = NULL, condition_levels = NULL, paired = FALSE, by_cols = NULL, statistic = c(""mean_difference"", ""median_difference"", ""standardized_mean_difference""), n_boot = 2000, conf_level = 0.95, seed = NULL, na_rm = TRUE"
compare_gazepoint_export_profiles,export-folder-profile.R,"..., labels = NULL"
compare_gazepoint_hr_ibi_consistency,ibi-hr-hrv-core.R,"data, hr_col = ""HR"", ibi_col = ""IBI"", time_col = NULL, group_cols = NULL, unit = c(""auto"", ""ms"", ""seconds""), max_abs_diff_bpm = 10, max_rel_diff_prop = 0.15"
compare_gazepoint_pyhrv_psd_methods,pyhrv-style.R,"nni_ms, time_s = NULL, methods = c(""welch"", ""lomb"", ""ar""), plot = FALSE"
compute_gazepoint_engagement_index,event-physiology-indices.R,"dial, time = NULL, threshold = 50, group = NULL, return = c(""data"", ""scalar"")"
compute_gazepoint_hrv_wavelet_psd,roadmap-exact-backlog-helpers.R,"rr_intervals, time = NULL, bands = list( vlf = c(0.0033, 0.04), lf = c(0.04, 0.15), hf = c(0.15, 0.40) ), max_scale = NULL"
compute_gazepoint_ppg_frequency_measures,heartpy-extended.R,"peaks = NULL, rr_ms = NULL, rr_time_s = NULL, group_col = ""group"", method = c(""welch"", ""fft"", ""periodogram""), resample_hz = 4, bands = list( lf = c(0.05, 0.15), hf = c(0.15, 0.50) ), welch_window_seconds = 64, welch_overlap = 0.5"
compute_gazepoint_ppg_measures,heartpy-bridge.R,"peaks, group_col = ""group"""
compute_gazepoint_ppg_template_similarity,roadmap-exact-backlog-helpers.R,"data, time_col = NULL, ppg_col = NULL, peaks = NULL, window_s = c(-0.25, 0.45), sampling_rate_hz = NULL, n_grid = 101, similarity_threshold = 0.80"
compute_gazepoint_pyhrv_ar_psd,pyhrv-style.R,"nni_ms, time_s = NULL, resample_hz = 4, order = NULL"
compute_gazepoint_pyhrv_dfa,pyhrv-style.R,"nni_ms, scales = unique(round(exp(seq(log(4), log(64), length.out = 12))))"
compute_gazepoint_pyhrv_frequency_domain,pyhrv-style.R,"nni_ms, time_s = NULL, method = c(""welch"", ""lomb"", ""ar"")"
compute_gazepoint_pyhrv_heart_rate,pyhrv-style.R,nni_ms
compute_gazepoint_pyhrv_hr_parameters,pyhrv-style.R,nni_ms
compute_gazepoint_pyhrv_lomb_psd,pyhrv-style.R,"nni_ms, time_s = NULL, min_hz = 0.003, max_hz = 0.4, n_freq = 512"
compute_gazepoint_pyhrv_nn20,pyhrv-style.R,nni_ms
compute_gazepoint_pyhrv_nn50,pyhrv-style.R,nni_ms
compute_gazepoint_pyhrv_nn_diff,pyhrv-style.R,"nni_ms, absolute = FALSE"
compute_gazepoint_pyhrv_nni_differences_parameters,pyhrv-style.R,nni_ms
compute_gazepoint_pyhrv_nni_parameters,pyhrv-style.R,nni_ms
compute_gazepoint_pyhrv_nnxx,pyhrv-style.R,"nni_ms, threshold_ms = 50"
compute_gazepoint_pyhrv_nonlinear,pyhrv-style.R,nni_ms
compute_gazepoint_pyhrv_poincare,pyhrv-style.R,"nni_ms, plot = FALSE"
compute_gazepoint_pyhrv_psd_waterfall,pyhrv-style.R,"nni_ms, segment_seconds = 300, method = c(""welch"", ""lomb"", ""ar""), plot = FALSE"
compute_gazepoint_pyhrv_rmssd,pyhrv-style.R,nni_ms
compute_gazepoint_pyhrv_sample_entropy,pyhrv-style.R,"nni_ms, m = 2L, r = NULL"
compute_gazepoint_pyhrv_sdann,pyhrv-style.R,"nni_ms, segment_seconds = 300"
compute_gazepoint_pyhrv_sdnn,pyhrv-style.R,nni_ms
compute_gazepoint_pyhrv_sdnn_index,pyhrv-style.R,"nni_ms, segment_seconds = 300"
compute_gazepoint_pyhrv_sdsd,pyhrv-style.R,nni_ms
compute_gazepoint_pyhrv_time_domain,pyhrv-style.R,"nni_ms, segment_seconds = 300"
compute_gazepoint_pyhrv_tinn,pyhrv-style.R,"nni_ms, bin_width_ms = 7.8125"
compute_gazepoint_pyhrv_triangular_index,pyhrv-style.R,"nni_ms, bin_width_ms = 7.8125"
compute_gazepoint_pyhrv_welch_psd,pyhrv-style.R,"nni_ms, time_s = NULL, resample_hz = 4, window_seconds = 256, overlap = 0.5"
compute_gazepoint_quality_index,session-quality-audit.R,"data, metric_cols, directions = NULL, weights = NULL, index_col = ""quality_index"", component_prefix = ""quality_component_"", overwrite = FALSE"
compute_gazepoint_scr_habituation,roadmap-remaining-helpers.R,"data, amplitude_col = NULL, trial_col = NULL, subject_col = NULL, method = c(""linear"", ""log_linear"", ""ratio""), min_trials = 3"
compute_gazepoint_scr_latency,physiology-qc-refinements.R,"data, events, time_col = NULL, eda_col = NULL, event_time_col = NULL, event_id_col = NULL, group_cols = NULL, baseline_window_s = c(-1, 0), response_window_s = c(0, 5), onset_threshold = 0.01, recovery_fraction = 0.50"
compute_gazepoint_signal_band_power,biosppy-style.R,"x, sampling_rate_hz = NULL, bands = list( very_low = c(0.003, 0.04), low = c(0.04, 0.15), high = c(0.15, 0.40) ), relative = TRUE"
compute_gazepoint_signal_correlation,biosppy-style.R,"x, y, method = c(""pearson"", ""spearman"", ""kendall""), lag_max = NULL"
compute_gazepoint_signal_lag_matrix,physiology-qc-refinements.R,"data, signal_cols = NULL, time_col = NULL, group_cols = NULL, max_lag_s = 2, lag_step_s = NULL, min_overlap = 10"
compute_gazepoint_signal_phase_locking,biosppy-style.R,"x, y, sampling_rate_hz, band = NULL"
compute_gazepoint_signal_power_spectrum,biosppy-style.R,"x, sampling_rate_hz, detrend = TRUE"
compute_gazepoint_signal_quality,signal-quality-reporting.R,"data, signal_cols, group_cols = NULL, flatline_tolerance = 0, long_missing_run_threshold = 10, long_constant_run_threshold = 10, spike_z = 4, extreme_z = 4"
convert_gazepoint_gsr_to_conductance,gsr-eda-helpers.R,"data, gsr_col = NULL, output_col = ""GSR_US"", input_unit = c(""auto"", ""ohms"", ""kohms"", ""microsiemens""), overwrite = FALSE"
correct_gazepoint_beats,beat-correction-audit.R,"audit, action = c(""mask"", ""local_median""), corrected_col = ""ibi_corrected"", local_window = 5, overwrite = FALSE, ..."
correct_gazepoint_eda_temperature,environment-confounds-and-ipfm.R,"dat, eda_col = ""GSR_US"", temperature_cols, group_cols = NULL, time_col = NULL, output_col = ""eda_temperature_adjusted"", fitted_col = ""eda_temperature_fitted"", model_by_group = TRUE, add_intercept_mean = TRUE"
correct_gazepoint_ppg_hampel,heartpy-bridge.R,"x, sampling_rate_hz, window_seconds = 1, n_sigmas = 3"
correct_gazepoint_rri_artifacts_local,biosppy-style.R,"rri_ms, method = c(""local_median"", ""quotient"", ""zscore""), window_intervals = 5L, threshold = 0.20, replacement = c(""local_median"", ""interpolate"")"
create_gazepoint_analysis_decision_log,analysis-decision-log.R,"study_id = NA_character_, analyst = NA_character_, description = NA_character_"
create_gazepoint_analysis_manifest,roadmap-exact-backlog-helpers.R,"files = NULL, settings = list(), outputs = NULL, exclusions = NULL, path = NULL, include_session = TRUE"
create_gazepoint_audit_index,audit-trail-summary.R,"audits, audit_ids = NULL, include_summary_rows = FALSE"
create_gazepoint_audit_report_section,reviewer-report-templates.R,"export_profile = NULL, design_audit = NULL, event_audit = NULL, condition_audit = NULL, decision_log = NULL, include_warnings = TRUE"
create_gazepoint_biometrics_checklist,reporting.R,"data, require_active_signal = TRUE"
create_gazepoint_biometrics_feature_inventory,feature-inventory.R,include_internal = FALSE
create_gazepoint_biometrics_methods_text,reporting.R,"checklist = NULL, data = NULL, include_cautions = TRUE"
create_gazepoint_biometrics_report,biometrics-report.R,"data = NULL, workflow = NULL, validation = NULL, quality = NULL, sampling = NULL, missingness = NULL, exclusions = NULL, report_tables = NULL, methods_text = NULL, checklist = NULL, title = ""Gazepoint Biometrics report"", subtitle = NULL, output_file = NULL, format = c(""markdown"", ""html""), include_timestamp = FALSE, overwrite = FALSE, max_table_rows = 20L"
create_gazepoint_biometrics_report_tables,report_tables.R,"workflow = NULL, validation = NULL, quality = NULL, sampling = NULL, diagnostics = NULL, exclusion_recommendations = NULL, ttl_events = NULL, max_ttl_events = 20"
create_gazepoint_dictionary,reproducibility-simulation.R,"data = NULL, file_paths = NULL, units = NULL, descriptions = NULL, required_cols = NULL, write_path = NULL"
create_gazepoint_eda_analysis_pipeline,eda-analysis-pipeline.R,"include_external_bridges = TRUE, include_model_templates = TRUE, include_reporting_guidance = TRUE, style = c(""compact"", ""detailed"")"
create_gazepoint_eye_methods_text,mne-eeg-lsl-interoperability.R,"sampling_rate_hz, device_model = ""Gazepoint GP3"", calibration_points = 9L, binocular = TRUE, software = ""Gazepoint Analysis"", screen_resolution = NULL, viewing_distance_cm = NULL, coordinate_space = NULL, preprocessing = NULL, fixation_detection = NULL, aoi_definition = NULL, synchronization = NULL, exclusions = NULL, tense = c(""past"", ""future""), include_package_version = TRUE"
create_gazepoint_heartpy_report,heartpy-bridge.R,"detection, output_dir = NULL, prefix = ""gazepoint_heartpy"""
create_gazepoint_methods_section,reviewer-report-templates.R,"export_profile = NULL, design_audit = NULL, event_audit = NULL, condition_audit = NULL, decision_log = NULL, package_version = as.character(utils::packageVersion(""gpbiometrics"")), validation = NULL, include_guardrails = TRUE"
create_gazepoint_pipeline_map,pipeline-visualization.R,"steps = NULL, edges = NULL, pipeline_id = NULL, include_default = TRUE"
create_gazepoint_preregistration_checklist,preregistration-readiness.R,"study_id = NULL, include_optional = TRUE, custom_items = NULL"
create_gazepoint_preregistration_template,shiny-and-preregistration.R,"study_title = ""Gazepoint biometrics study"", signal_standardization = c(""within_participant_z"", ""range_correction"", ""none""), artifact_rules = c(""kleckner_style"", ""custom"", ""none""), eda_min_us = 0.01, eda_max_us = 100, rapid_change_threshold = 20, output_file = NULL"
create_gazepoint_pspm_glm_design,pspm-style.R,"events, time, time_col = NULL, onset_col = ""onset_time_s"", condition_col = ""condition"", duration_col = NULL, response = c(""scr"", ""canonical"", ""boxcar""), response_length_s = 20, include_derivative = FALSE, add_intercept = TRUE"
create_gazepoint_pyhrv_time_vector,pyhrv-style.R,"nni_ms, start_s = 0"
create_gazepoint_qc_supplement,reviewer-report-templates.R,"export_profile = NULL, design_audit = NULL, event_audit = NULL, condition_audit = NULL, decision_log = NULL, title = ""Gazepoint workflow quality-control supplement"""
create_gazepoint_quality_dashboard,alignment-aoi-eventlocked-dashboard.R,"data = NULL, audit = NULL, missingness = NULL, alignment = NULL, eventlocked = NULL, title = ""Gazepoint quality dashboard"", output_dir = NULL"
create_gazepoint_release_checklist,release-readiness-audit.R,"audit = NULL, include_optional = TRUE"
create_gazepoint_reproducibility_statement,reviewer-report-templates.R,"decision_log = NULL, package_version = as.character(utils::packageVersion(""gpbiometrics"")), repository_url = NA_character_, validation = NULL, data_statement = NA_character_, include_guardrails = TRUE"
create_gazepoint_sidecar_template,dataset-structure-audit.R,"dataset_id = NULL, export_type = NULL, include_optional = TRUE, custom_fields = NULL"
create_gazepoint_trial_regressors,workflow-reporting-pipeline.R,"data, design, pre = 0, post = 5, time_col = NULL, event_time_col = NULL, event_id_col = NULL, signal_cols = NULL, subject_col = NULL, design_subject_col = NULL, carry_design_cols = NULL"
decompose_gazepoint_eda,eda-advanced.R,"data, signal_col = NULL, tonic_col = NULL, phasic_col = NULL, time_col = NULL, group_cols = NULL, window_size = 31L, output_prefix = ""eda"", overwrite = FALSE"
denoise_gazepoint_eda_autoencoder,autoencoder-denoising-bridges.R,"dat, eda_col = ""GSR_US"", time_col = NULL, group_cols = NULL, model = NULL, window_samples = 128, output_col = NULL, overwrite = FALSE"
denoise_gazepoint_eda_wavelet,eda-wavelet-denoising.R,"dat, eda_col = ""GSR_US"", group_cols = NULL, output_col = NULL, levels = 3, threshold_multiplier = 1, overwrite = FALSE"
denoise_gazepoint_ppg_autoencoder,autoencoder-denoising-bridges.R,"dat, ppg_col = ""HRP"", time_col = NULL, group_cols = NULL, model = NULL, window_samples = 128, output_col = NULL, overwrite = FALSE"
denoise_gazepoint_quantization_noise,advanced-modality-bridges.R,"dat, signal_cols, resolution, group_cols = NULL, output_suffix = ""_quantization_jittered"", seed = NULL, overwrite = FALSE"
detect_active_biometric_channels,import.R,data
detect_gazepoint_biometric_schema,schema-helpers.R,data
detect_gazepoint_biometric_timebase,schema-helpers.R,"data, time_col = NULL, counter_col = NULL"
detect_gazepoint_blinks,pupil-qc-reporting.R,"data, pupil_cols = NULL, id_cols = NULL, min_pupil = 0, max_pupil = Inf, change_threshold = NULL, extend_samples = 0L, mask = TRUE, flag_suffix = ""_blink_flag"", clean_suffix = ""_blink_clean"""
detect_gazepoint_doubly_stochastic_changepoints,changepoint-scr-recovery.R,"dat, signal_col, time_col = ""CNT"", group_cols = NULL, window_seconds = 10, step_seconds = 2, threshold_mad_multiplier = 6, min_distance_s = 5"
detect_gazepoint_fixations,gaze-event-detection.R,"data, time_col = NULL, x_col = NULL, y_col = NULL, group_cols = NULL, valid_col = NULL, valid_values = c(1, TRUE), time_unit = c( ""seconds"", ""milliseconds"", ""microseconds"", ""samples"" ), sampling_rate_hz = NULL, coordinate_unit = c( ""native"", ""normalized"", ""pixels"", ""degrees"" ), velocity_threshold, min_fixation_duration_ms = 100, min_saccade_duration_ms = 10, max_gap_ms = 100, velocity_col = ""gaze_velocity"", class_col = ""gaze_class"", event_id_col = ""gaze_event_id"", overwrite = FALSE"
detect_gazepoint_nonwear,signal-dropout-preprocessing.R,"data, signal_cols, group_cols = NULL, time_col = NULL, min_run_length = 10, zero_tolerance = 0, constant_tolerance = 0, low_variance_threshold = NULL, detect_missing = TRUE, detect_zero = TRUE, detect_constant = TRUE, detect_low_variance = TRUE"
detect_gazepoint_ppg_onsets,biosppy-style.R,"data, signal_col = NULL, time_col = NULL, peaks = NULL, group_cols = NULL, sampling_rate_hz = NULL, search_seconds = 0.6"
detect_gazepoint_ppg_peaks,heartpy-bridge.R,"data, signal_col = NULL, time_col = NULL, group_cols = NULL, sampling_rate_hz = NULL, bpm_min = 40, bpm_max = 180, moving_average_seconds = 0.75, threshold_offsets = seq(-0.25, 1.25, by = 0.05), reconstruct_clipping = TRUE, enhance_peaks = FALSE, lowpass_hz = NULL, hampel = FALSE, high_precision = TRUE"
detect_gazepoint_pupil_blinks,pupil-gaze-cleaning.R,"data, pupil_cols = NULL, time_col = NULL, group_cols = NULL, validity_cols = NULL, invalid_values = c(0), nonpositive_is_missing = TRUE, combine = c(""all"", ""any""), min_blink_samples = 1L, return = c(""intervals"", ""onsets"", ""flags"")"
detect_gazepoint_saccades,gaze-event-detection.R,...
detect_gazepoint_scr_events,eda-advanced.R,"data, phasic_col = NULL, signal_col = NULL, time_col = NULL, group_cols = NULL, threshold = NULL, min_peak_distance = 10L, window_size = 31L"
detect_gazepoint_scr_peaks,scr-peaks.R,"data, signal_col = NULL, phasic_col = NULL, time_col = NULL, group_cols = NULL, prefer_vendor_phasic = TRUE, amplitude_min = 0.01, recovery_fraction = 0.5, smooth_width = 1, min_peak_distance = 1"
detect_gazepoint_time_columns,schema-helpers.R,data
detrend_gazepoint_rri_window,biosppy-style.R,"rri_ms, time_s = NULL, window_seconds = 60, method = c(""median"", ""mean"", ""linear"")"
detrend_gazepoint_signal,frontdoor-audit-missingness.R,"data, signal_col = NULL, time_col = NULL, group_cols = NULL, method = c(""linear"", ""mean"", ""median"", ""loess"", ""none""), span = 0.30, preserve_mean = FALSE, suffix = ""_detrended"""
diagnose_gazepoint_biometrics_workflow,diagnose_workflow.R,"workflow, require_gsr = TRUE, require_hr = TRUE, require_dial = FALSE, max_exclude_window_pct = 25, max_review_window_pct = 25"
diagnose_gazepoint_cluster_design,cluster-permutation-diagnostics.R,"data, subject, condition, time, value = NULL, design = c(""within"", ""between""), min_subjects = 10L"
diagnose_gazepoint_sync_drift,roadmap-exact-backlog-helpers.R,"reference, target = NULL, reference_time_col = NULL, target_time_col = NULL, max_pairs = NULL"
downsample_gazepoint_data,downsample.R,"data, time_col, signal_cols = NULL, group_cols = NULL, interval, method = c( ""mean"", ""median"", ""first"", ""last"" ), na_rm = TRUE, time_value = c( ""start"", ""center"", ""mean"" ), origin = NULL"
enhance_gazepoint_ppg_peaks,heartpy-bridge.R,"x, sampling_rate_hz, iterations = 2L"
epoch_gazepoint_scr,event-physiology-indices.R,"data, events, pre, post, time_col = NULL, signal_col = NULL, event_time_col = NULL, event_id_col = NULL, event_group_cols = NULL, baseline_window = NULL, response_window = NULL, min_amplitude = 0.01, min_distance_s = 1"
estimate_gazepoint_breathing_rate_from_ibi,heartpy-bridge.R,"rr_ms, rr_time_s = NULL, resample_hz = 4, breathing_band = c(0.10, 0.50)"
estimate_gazepoint_cluster_offset,cluster-permutation-advanced-guardrails.R,...
estimate_gazepoint_cluster_onset,cluster-permutation-advanced-guardrails.R,...
estimate_gazepoint_eda_recovery_times,biosppy-style.R,"data, events = NULL, signal_col = NULL, time_col = NULL, group_cols = NULL, sampling_rate_hz = NULL, recovery_prop = 0.5, max_recovery_seconds = 10"
estimate_gazepoint_lsl_clock_offsets,roadmap-final-gaps.R,"stream_name = NULL, stream_type = NULL, source_id = NULL, timeout_s = 5, n_estimates = 5L, pause_s = 0.05, python = NULL, execute = TRUE"
estimate_gazepoint_respiration_from_ppg,physiology-qc-refinements.R,"data, ppg_col = NULL, time_col = NULL, sampling_rate_hz = NULL, respiratory_band_hz = c(0.10, 0.50), detrend = TRUE"
estimate_gazepoint_samplerate_datetime,heartpy-extended.R,"datetime, format = NULL, tz = ""UTC"", robust = TRUE"
estimate_gazepoint_samplerate_mstimer,heartpy-extended.R,"mstimer, robust = TRUE"
estimate_gazepoint_signal_lag,sync-drift-diagnostics.R,"data, signal_x_col, signal_y_col, time_col = NULL, group_cols = NULL, max_lag = 1000, lag_step = NULL, method = c(""pearson"", ""spearman""), min_complete_pairs = 20, use_first_difference = FALSE"
export_gazepoint_audit_trail_markdown,audit-trail-summary.R,"audit_index, summary = NULL, title = ""Gazepoint audit trail"", include_details = TRUE, max_details = 50, file = NULL"
export_gazepoint_biometrics_report_bundle,report-bundle-readiness.R,"bundle = NULL, output_dir, prefix = ""gpbiometrics_report"", tables = NULL, text = NULL, plots = NULL, include_readme = TRUE, include_session_info = TRUE, overwrite = FALSE"
export_gazepoint_cluster_results,cluster-permutation-diagnostics.R,"result, path = ""."", prefix = ""gazepoint_cluster"", overwrite = FALSE"
export_gazepoint_heartpy_input,heartpy-bridge.R,"data, signal_col = NULL, time_col = NULL, group_cols = NULL, sampling_rate_hz = NULL, output_dir, prefix = ""gazepoint_heartpy"""
export_gazepoint_mne_cluster_input,cluster-permutation-advanced-guardrails.R,"data, outcome_col, time_col, condition_col, participant_col, condition_a = NULL, condition_b = NULL, path = NULL, prefix = ""gazepoint_mne_cluster"", overwrite = FALSE, aggregate = TRUE"
export_gazepoint_permuco_cluster_input,cluster-permutation-advanced-guardrails.R,"data, outcome_col, time_col, condition_col, participant_col, path = NULL, prefix = ""gazepoint_permuco_cluster"", overwrite = FALSE, aggregate = TRUE"
export_gazepoint_permutes_cluster_input,cluster-permutation-advanced-guardrails.R,"data, outcome_col, time_col, condition_col, participant_col, path = NULL, prefix = ""gazepoint_permutes_cluster"", overwrite = FALSE, aggregate = TRUE"
export_gazepoint_pipeline_dot,pipeline-visualization.R,"pipeline, file = NULL, graph_name = ""gazepoint_pipeline"", rankdir = ""LR"", include_descriptions = FALSE"
export_gazepoint_pspm_model_estimates,pspm-style.R,"model, path, format = NULL, include_predictions = TRUE"
export_gazepoint_pyhrv_results,pyhrv-style.R,"results, path"
export_gazepoint_rhrv_input,external-interoperability.R,"data, ibi_col = ""IBI_clean_ms"", group_cols = NULL, unit = c(""auto"", ""ms"", ""seconds""), collapse_repeated_intervals = TRUE, repeated_tolerance_ms = 1e-8, min_ibi_ms = 300, max_ibi_ms = 2000, output_dir = NULL, prefix = ""gazepoint_rhrv"""
export_gazepoint_to_bids,bids-export.R,"data, bids_root, subject, task, dataset_name = NULL, recorded_eye = c(""cyclopean"", ""left"", ""right""), recording = ""eye1"", datatype = c( ""beh"", ""eeg"", ""emg"", ""func"", ""ieeg"", ""meg"", ""motion"", ""nirs"", ""pet"" ), session = NULL, acquisition = NULL, run = NULL, timestamp_col = NULL, x_col = NULL, y_col = NULL, include_pupil = TRUE, pupil_col = NULL, additional_cols = NULL, timestamp_units = c( ""auto"", ""seconds"", ""milliseconds"", ""microseconds"" ), coordinate_units = c( ""normalized"", ""pixel"", ""degree"", ""radian"", ""mm"", ""cm"", ""m"", ""arbitrary"" ), pupil_units = ""arbitrary"", sample_coordinate_system = c( ""gaze-on-screen"", ""eye-in-head"", ""gaze-in-world"", ""custom"" ), sampling_rate_hz = NULL, sampling_tolerance = 0.05, start_time_s = 0, screen_distance_m = NULL, screen_origin = NULL, screen_resolution_px = NULL, screen_size_m = NULL, screen_refresh_rate_hz = NULL, stimulus_software_name = NULL, stimulus_software_version = NULL, operating_system = NULL, vision_correction = NULL, manufacturer = ""Gazepoint"", manufacturers_model_name = NULL, software_versions = NULL, device_serial_number = NULL, eye_tracking_method = ""P-CR"", calibration_type = NULL, calibration_count = NULL, average_calibration_error_deg = NULL, maximal_calibration_error_deg = NULL, eye_tracker_distance_m = NULL, raw_data_filters = NULL, timestamp_origin = ""Eye-tracker clock"", custom_coordinate_system_description = NULL, column_metadata = list(), bids_version = ""1.11.1"", dry_run = FALSE, overwrite = FALSE"
extract_gazepoint_beats_kmeans,environment-confounds-and-ipfm.R,"dat, pulse_col = ""HRP"", time_col = ""CNT"", group_cols = NULL, k = 2, peak_polarity = c(""positive"", ""negative""), min_distance_s = 0.30, sampling_rate = NULL, seed = NULL"
extract_gazepoint_bilateral_eda_asymmetry,advanced-modality-bridges.R,"dat, left_col, right_col, time_col = NULL, group_cols = NULL, output_prefix = ""beda"""
extract_gazepoint_eda_complexity,nonlinear-complexity.R,"dat, eda_col = ""GSR_US"", group_cols = NULL, min_samples = 32, sampen_m = 2, sampen_r_multiplier = 0.2"
extract_gazepoint_eda_events_biosppy_style,biosppy-style.R,"data, signal_col = NULL, time_col = NULL, group_cols = NULL, sampling_rate_hz = NULL, smoothing_seconds = 1, min_amplitude = NULL, min_distance_seconds = 1, onset_window_seconds = 4"
extract_gazepoint_eda_spectral_power,eda-spectral-power.R,"dat, eda_col = ""GSR_US"", time_col = NULL, group_cols = NULL, sampling_rate = NULL, band = c(0.045, 0.25), min_samples = 32, detrend = TRUE"
extract_gazepoint_eda_tvsymp,eda-tvsymp.R,"dat, eda_col = ""GSR_US"", time_col = ""CNT"", group_cols = NULL, sampling_rate = NULL, band = c(0.08, 0.24), window_seconds = 60, step_seconds = 5, min_valid_fraction = 0.70, normalise = TRUE"
extract_gazepoint_edr_pca,advanced-modality-bridges.R,"dat, ecg_cols, time_col = NULL, group_cols = NULL, n_components = 1, scale = TRUE, output_prefix = ""edr_pca"""
extract_gazepoint_hrv_asymmetry,hrv-fragmentation-asymmetry.R,"dat, ibi_col = ""IBI"", group_cols = NULL, zero_tolerance = 0"
extract_gazepoint_hrv_features,ibi-hr-hrv-core.R,"data, ibi_col = ""IBI_clean_ms"", group_cols = NULL, unit = c(""auto"", ""ms"", ""seconds""), min_intervals = 3, min_duration_s = 30, diff_threshold_ms = 50, collapse_repeated_intervals = TRUE, repeated_tolerance_ms = 1e-8"
extract_gazepoint_hrv_fragmentation,hrv-fragmentation-asymmetry.R,"dat, ibi_col = ""IBI"", group_cols = NULL, zero_tolerance = 0, short_segment_length = 3"
extract_gazepoint_hrv_fuzzy_csi,hrv-fuzzy-csi.R,"dat, ibi_col = ""IBI"", group_cols = NULL, m = 2, r_multiplier = 0.2, fuzzy_power = 2, min_intervals = 10"
extract_gazepoint_hrv_geometric,hrv-rqa-geometric.R,"dat, ibi_col = ""IBI"", group_cols = NULL, bin_width = NULL"
extract_gazepoint_hrv_nonlinear,nonlinear-complexity.R,"dat, ibi_col = ""IBI"", group_cols = NULL, min_intervals = 10, sampen_m = 2, sampen_r_multiplier = 0.2, mse_scales = 1:5"
extract_gazepoint_hrv_rcmse,hrv-rcmse.R,"dat, ibi_col = ""IBI"", group_cols = NULL, scales = 1:10, m = 2, r_multiplier = 0.2, min_intervals = 20"
extract_gazepoint_hrv_rqa,hrv-rqa-geometric.R,"dat, ibi_col = ""IBI"", group_cols = NULL, embedding_dimension = 2, delay = 1, radius = NULL, radius_multiplier = 0.2, min_line_length = 2"
extract_gazepoint_markerinfo_pspm_style,pspm-style.R,"data, marker_cols = NULL, time_col = NULL, sampling_rate_hz = NULL, group_cols = NULL, edge = c(""rising"", ""change"", ""nonzero""), nonzero_only = TRUE"
extract_gazepoint_pdr_signals,pdr-rsa.R,"dat, ppg_col = ""HRP"", time_col = ""CNT"", group_cols = NULL, sampling_rate = NULL, min_peak_distance_s = 0.30, smooth_window = 5, respiration_band = c(0.10, 0.60), pdr_resample_rate = 4"
extract_gazepoint_ppg_morphology,roadmap-remaining-helpers.R,"data, time_col = NULL, ppg_col = NULL, peaks = NULL, min_peak_distance_s = 0.30"
extract_gazepoint_ppg_templates,biosppy-style.R,"data, signal_col = NULL, time_col = NULL, peaks = NULL, group_cols = NULL, sampling_rate_hz = NULL, before_seconds = 0.30, after_seconds = 0.60"
extract_gazepoint_pyhrv_nn_intervals,pyhrv-style.R,"peaks, peak_time_col = ""peak_time_s"", time_unit = c(""seconds"", ""milliseconds"")"
extract_gazepoint_respiration_ceemdan,respiration-ceemdan-kalman.R,"dat, signal_col, time_col = ""CNT"", group_cols = NULL, sampling_rate = NULL, respiration_band = c(0.10, 0.60), scales = c(5, 15, 30, 60, 120), external_fun = NULL"
extract_gazepoint_scr_recovery_times,changepoint-scr-recovery.R,"dat, eda_col = ""GSR_US"", time_col = ""CNT"", event_onset_col = NULL, group_cols = NULL, pre_onset_baseline_s = 2, peak_window_s = 5, recovery_window_s = 20"
extract_gazepoint_segments_pspm_style,pspm-style.R,"data, events, signal_col, time_col = NULL, event_time_col = ""onset_time_s"", event_id_col = NULL, condition_col = NULL, pre_s = 1, post_s = 5, baseline_window = c(-1, 0), baseline_correct = TRUE"
extract_gazepoint_ttl_events,ttl.R,"data, ttl_columns = NULL, group_columns = NULL, validity_column = ""TTLV"", require_validity = TRUE, mode = c(""changes"", ""nonzero""), include_initial = TRUE"
filter_gazepoint_gaze,pupil-gaze-cleaning.R,"data, x_col = NULL, y_col = NULL, time_col = NULL, group_cols = NULL, screen_bounds = c(0, 1, 0, 1), max_velocity = Inf, drop_invalid = FALSE, suffix = ""_filtered"""
filter_gazepoint_ibi_implausible,ibi-hr-hrv-core.R,"data, ibi_col = ""IBI"", time_col = NULL, group_cols = NULL, validity_col = NULL, unit = c(""auto"", ""ms"", ""seconds""), min_ibi_ms = 300, max_ibi_ms = 2000, max_change_ms = 400, max_change_prop = 0.30, output_col = ""IBI_clean_ms"""
filter_gazepoint_ppg_butterworth,heartpy-bridge.R,"x, cutoff_hz = 5, sampling_rate_hz, passes = 1L"
filter_gazepoint_ppg_signal,heartpy-extended.R,"x, sampling_rate_hz, type = c(""lowpass"", ""highpass"", ""bandpass"", ""notch""), low_hz = NULL, high_hz = NULL, passes = 1L"
filter_gazepoint_signal,signal-dropout-preprocessing.R,"data, signal_cols, method = c(""moving_average"", ""rolling_median"", ""detrend""), group_cols = NULL, time_col = NULL, window = 5, suffix = NULL, overwrite = FALSE, na_rm = FALSE"
fit_gazepoint_convolution_glm,pspm-style.R,"data, design, signal_col, time_col = NULL, design_time_col = ""time_s"", regressor_cols = NULL"
flag_gazepoint_artifacts_svm,artifact-svm-bridge.R,"x, model = NULL, feature_cols = NULL, probability_threshold = 0.5, ..."
flag_gazepoint_biometric_dropouts,validity-dropouts.R,"data, signal_cols = NULL, group_cols = NULL, time_col = NULL, min_missing_run = 5L, min_flatline_run = 10L, constant_tolerance = 0, prefix = ""biometric_dropout"""
flag_gazepoint_hrv_segments,physiology-qc-refinements.R,"data, rr_col = NULL, time_col = NULL, group_cols = NULL, window_s = 60, min_beats = 20, min_duration_s = 20, min_rr_ms = 300, max_rr_ms = 2000, max_artifact_prop = 0.20, max_successive_change_prop = 0.20"
flag_gazepoint_mad_artifacts,mad-artifact-typology.R,"dat, eda_col = ""GSR_US"", time_col = NULL, group_cols = NULL, mad_multiplier = 8, flatline_tolerance = 1e-6, flatline_min_run = 5, wall_abs_change = NULL, output_prefix = ""mad"""
flag_gazepoint_ppg_quality,roadmap-remaining-helpers.R,"data, time_col = NULL, ppg_col = NULL, window_s = 10, step_s = NULL, missing_prop_threshold = 0.20, flat_sd_threshold = 1e-6, outlier_prop_threshold = 0.10"
flag_gazepoint_rr_outliers,event-physiology-indices.R,"rr_intervals, method = c(""mad"", ""z"", ""range""), z_threshold = 5, mad_threshold = 5, min_rr = 300, max_rr = 2000, return = c(""flags"", ""filtered"", ""data"")"
flag_kleckner_eda_artifacts,eda-intervals-and-kleckner.R,"dat, eda_col = ""GSR_US"", time_col = NULL, group_cols = NULL, min_us = 0.01, max_us = 100, max_abs_percent_change_per_second = 20, transition_padding = 1, output_prefix = ""kleckner"""
flip_gazepoint_ppg_signal,heartpy-extended.R,"x, method = c(""negative"", ""max_minus"")"
format_gazepoint_biometrics_feature_inventory,feature-inventory-format.R,"inventory = NULL, include_internal = FALSE, sort = TRUE"
fuse_gazepoint_respiration_kalman,respiration-ceemdan-kalman.R,"dat, primary_col, secondary_col, time_col = NULL, group_cols = NULL, process_var = 0.01, primary_var = 0.05, secondary_var = 0.05, output_col = ""respiration_kalman_fused"""
gazepoint_interoperability_manifest,interoperability-version-testing.R,include_support = TRUE
generate_gazepoint_manifest,reproducibility-simulation.R,"input_paths = NULL, parameters = list(), outputs = NULL, notes = NULL, write_path = NULL, include_session_info = TRUE"
get_gazepoint_plot_data,plot-contracts.R,plot
get_gazepoint_plot_settings,plot-contracts.R,plot
gpbiometrics_info,roadmap-remaining-helpers.R,"print = TRUE, include_session = FALSE"
import_gazepoint_biometric_folder,folder.R,"path, pattern = ""\\.csv$"", recursive = FALSE, include_fixations = TRUE, include_all_gaze = TRUE, include_other_csv = FALSE, na = c("""", ""NA"", ""NaN"")"
import_gazepoint_biometrics,import.R,"file, na = c("""", ""NA"", ""NaN"")"
import_gazepoint_data,data-io-cleaning.R,"dir, session = NULL, pattern = ""\\.csv$"", recursive = FALSE, session_match = c(""prefix"", ""contains"", ""regex""), file_encoding = ""UTF-8-BOM"", add_file_info = TRUE"
import_gazepoint_data_summary,data_summary.R,file
import_gazepoint_event_log,roadmap-remaining-helpers.R,"path, time_col = NULL, event_col = NULL, id_col = NULL, sep = NULL, ..."
import_gazepoint_lsl_xdf,lsl-xdf-import.R,"path, stream_name_pattern = ""Gazepoint|GP3|GSR|EDA|Biometric|TTL|Pupil|Gaze"", include_all_streams = FALSE, flatten = TRUE, pyxdf_module = ""pyxdf"""
import_gazepoint_pyhrv_results,pyhrv-style.R,path
impute_gazepoint_missing,data-io-cleaning.R,"data, method = c(""linear"", ""locf"", ""nocb"", ""nearest"", ""constant""), cols = NULL, time_col = NULL, group_cols = NULL, max_gap = Inf, fill_edges = TRUE, constant_value = 0, add_flags = TRUE, treat_infinite_as_missing = TRUE"
interpolate_gazepoint_pupil_blinks,roadmap-compatibility-aliases.R,"data, pupil_cols = NULL, time_col = NULL, blink_col = NULL, max_gap_s = NULL, method = c(""linear"", ""constant""), suffix = ""_interp"""
join_gazepoint_biometrics_to_gp3tools,compatibility-wrappers.R,"biometrics, gp3tools_master, ..."
join_gazepoint_biometrics_to_master,sync.R,"master, biometrics, by, all_x = TRUE"
match_gazepoint_events_to_biometrics,roadmap-remaining-helpers.R,"data, events, pre = 0, post = 5, time_col = NULL, event_time_col = NULL, event_id_col = NULL, summary_cols = NULL, return = c(""windows"", ""summary"")"
merge_gazepoint_recordings_pspm_style,pspm-style.R,"recordings, time_col = NULL, gap_seconds = 1, recording_col = ""pspm_recording"", reset_first_time = TRUE"
model_gazepoint_eda_point_process,point-process-models.R,"dat, eda_col = ""GSR_US"", time_col = ""CNT"", group_cols = NULL, event_time_col = NULL, event_indicator_col = NULL, derivative_mad_multiplier = 6, min_event_distance_s = 1"
model_gazepoint_hr_point_process,point-process-models.R,"dat, ibi_col = ""IBI"", time_col = NULL, beat_time_col = NULL, group_cols = NULL, ibi_units = c(""auto"", ""seconds"", ""milliseconds"")"
model_gazepoint_hrv_ipfm,environment-confounds-and-ipfm.R,"dat, ibi_col = ""IBI"", beat_time_col = NULL, group_cols = NULL, ibi_units = c(""auto"", ""seconds"", ""milliseconds""), output_sampling_rate = 4, max_frequency = 0.50"
normalize_gazepoint_scr,event-physiology-indices.R,"amplitudes, method = c(""z"", ""percent_max"", ""range"", ""center"", ""log_z"", ""none""), amplitude_col = NULL, group_cols = NULL, output_col = ""scr_amplitude_normalized"", na.rm = TRUE"
optimize_gazepoint_cvxeda_tau,cvxeda-tau-optimization.R,"dat, eda_col = ""GSR_US"", time_col = ""CNT"", group_cols = NULL, tau0_grid = seq(2, 4, by = 0.25), tau1 = 0.7, sampling_rate = NULL, ridge_lambda = 0.01, max_irf_seconds = 20"
pipeline_comparison_dashboard,pipeline-comparison-dashboard.R,"data, participant_col = NULL, session_col = NULL, grouping_cols = NULL, missingness_col = NULL, quality_col = NULL, qc_status_col = NULL, failed_rules_col = NULL, excluded_col = NULL, notes_col = NULL"
plot_gazepoint_aoi_biometrics,aoi-biometrics.R,"x, value_col = ""mean_value"", aoi_col = ""aoi_label"", signal_col = ""signal"", group_col = NULL, plot_type = c(""boxplot"", ""point"", ""line""), title = NULL"
plot_gazepoint_biometric_quality,biometric-plots.R,"data, quality_cols = NULL, signal_cols = NULL, time_col = NULL, group_col = NULL, dropout_prefix = ""biometric_dropout"", max_points = 5000L, main = NULL, plot = TRUE, ..."
plot_gazepoint_biometric_report_dashboard,qc-dashboard-plots.R,"data = NULL, signal_activity = NULL, time_resets = NULL, signal_cols = NULL, group_cols = NULL, time_col = NULL, include_signal_activity = TRUE, include_time_resets = TRUE, max_groups = 30, continue_on_error = TRUE, title_prefix = ""Gazepoint biometric QC"""
plot_gazepoint_biometric_signals,biometric-plots.R,"data, signal_cols = NULL, time_col = NULL, group_col = NULL, max_points = 5000L, standardize = FALSE, type = c(""line"", ""points"", ""both""), main = NULL, xlab = NULL, ylab = NULL, legend = TRUE, plot = TRUE, ..."
plot_gazepoint_cluster_null_distribution,cluster-permutation-diagnostics.R,"result, cluster_id = 1L, observed_mass = NULL, bins = 30L"
plot_gazepoint_cluster_permutation,cluster-permutation.R,"x, alpha = NULL, show_all_clusters = FALSE"
plot_gazepoint_design_coverage,design-event-audit.R,"audit, type = c( ""condition_counts"", ""participant_trials"", ""event_coverage"", ""warnings"" )"
plot_gazepoint_eda_decomposition,eda-scr-plots.R,"data, time_col = NULL, signal_cols = NULL, group_cols = NULL, standardise = FALSE, max_points = 5000, title = NULL"
plot_gazepoint_eda_gram,eda-gram-plot.R,"dat, eda_col = ""GSR_US"", time_col = ""CNT"", group_cols = NULL, group_id_to_plot = NULL, sampling_rate = NULL, window_seconds = 30, step_seconds = 5, frequency_range = c(0.01, 0.50), frequency_bins = 64, log_power = TRUE, plot = TRUE, main = ""EDA-gram"""
plot_gazepoint_export_profile,export-folder-profile.R,"profile, type = c( ""files"", ""roles"", ""missingness"", ""activity"" ), top_n = 20"
plot_gazepoint_missingness,pupil-qc-reporting.R,"data, cols = NULL, time_col = NULL, id_col = NULL, max_points = 5000L"
plot_gazepoint_multimodal_timeline,multimodal-timeline-plot.R,"data, time_col = NULL, signal_cols = NULL, group_cols = NULL, participant_col = NULL, stimulus_col = NULL, trial_col = NULL, event_time_col = NULL, event_col = NULL, standardise = TRUE, show_event_markers = TRUE, title = NULL"
plot_gazepoint_ppg_breathing,heartpy-extended.R,"rr_ms, rr_time_s = NULL, resample_hz = 4, breathing_band = c(0.10, 0.50)"
plot_gazepoint_ppg_peak_detection,heartpy-bridge.R,"detection, group = NULL, accepted_only = FALSE"
plot_gazepoint_ppg_poincare,heartpy-extended.R,"peaks = NULL, rr_ms = NULL, group_col = ""group"""
plot_gazepoint_ppg_segmentwise,heartpy-extended.R,"segmentwise, measure = ""bpm"""
plot_gazepoint_pyhrv_hr_heatplot,pyhrv-style.R,"nni_ms, time_bins = 20, hr_bins = 20"
plot_gazepoint_pyhrv_radar_chart,pyhrv-style.R,"measures, columns = c(""sdnn"", ""rmssd"", ""sdsd"", ""pnn50"", ""lf_norm"", ""hf_norm"", ""sd1"", ""sd2"")"
plot_gazepoint_pyhrv_tachogram,pyhrv-style.R,"nni_ms, time_s = NULL"
plot_gazepoint_saccade_main_sequence,pupil-and-saccade-diagnostics.R,"dat, amplitude_col = NULL, peak_velocity_col = NULL, group_col = NULL, log_axes = TRUE, add_smoother = TRUE, main = ""Gazepoint saccade main-sequence diagnostic"""
plot_gazepoint_scr_events,eda-scr-plots.R,"data, scr_peaks, event_windows = NULL, events = NULL, time_col = NULL, signal_col = NULL, phasic_col = NULL, group_cols = NULL, show_events = TRUE, max_points = 5000, title = NULL"
plot_gazepoint_scr_specification_curve,scr-specification-curve-plot.R,"x, estimate_col = NULL, specification_col = ""specification_id"", add_zero_line = TRUE, main = ""SCR specification curve"""
plot_gazepoint_signal_activity,qc-dashboard-plots.R,"data, signal_cols = NULL, group_cols = NULL, metric = c( ""active_signal"", ""nonzero_prop"", ""missing_prop"", ""n_unique_finite"" ), max_groups = 30, title = NULL"
plot_gazepoint_signal_quality,signal-quality-reporting.R,"quality, metric = ""prop_missing"", x = NULL, colour = NULL, facet = NULL"
plot_gazepoint_time_resets,qc-dashboard-plots.R,"data, time_col = NULL, group_cols = NULL, max_groups = 30, title = NULL"
prepare_gazepoint_aoi_biometrics_model_data,aoi-biometrics.R,"x, outcome_col = ""mean_value"", predictor_cols = c(""aoi_label"", ""signal""), factor_cols = c(""aoi_label"", ""signal""), numeric_cols = NULL, group_cols = NULL, drop_missing_outcome = TRUE, min_rows = NULL, standardise_outcome = FALSE, standardise_within = c(""signal"", ""all"")"
prepare_gazepoint_artifact_svm_features,artifact-svm-bridge.R,"dat, eda_col = ""GSR_US"", time_col = NULL, group_cols = NULL, segment_seconds = 5, samples_per_segment = NULL, sampling_rate = NULL"
prepare_gazepoint_bids_eye,roadmap-final-gaps.R,"data, ..., execute = TRUE"
prepare_gazepoint_bids_physio,roadmap-final-gaps.R,"data, ..., execute = TRUE"
prepare_gazepoint_biometrics_lme_data,biometrics-lme-data.R,"data, outcome_col, fixed_effect_cols = NULL, condition_cols = NULL, covariate_cols = NULL, random_effect_cols = NULL, participant_col = NULL, stimulus_col = NULL, trial_col = NULL, window_col = NULL, baseline_col = NULL, baseline_correct = FALSE, factor_cols = NULL, continuous_cols = NULL, scale_continuous = FALSE, include_window = TRUE, drop_missing = TRUE, min_rows = 10"
prepare_gazepoint_biosppy_input,biosppy-input.R,"data, signal_type = c(""auto"", ""eda"", ""ppg""), signal_col = NULL, time_col = NULL, group_cols = NULL, sampling_rate_hz = NULL, missing = c(""error"", ""interpolate"", ""segments""), irregular = c(""error"", ""allow""), sampling_tolerance = 0.05, min_segment_samples = 3L, signal_units = NULL, output_dir = NULL, prefix = ""gazepoint_biosppy"", write_manifest = TRUE, overwrite = FALSE"
prepare_gazepoint_ctsi_input,ctsi-bridge.R,"dat, eda_col = ""GSR_US"", time_col = ""CNT"", group_cols = NULL, event_onset_col = NULL, event_name_col = NULL, sampling_rate = NULL, tau0_range = c(2, 4), tau1_range = c(0.5, 1), sparsity_grid = c(0.001, 0.01, 0.1, 1), output_dir = NULL, prefix = ""gazepoint_ctsi"""
prepare_gazepoint_cvxeda_input,external-eda-method-bridges.R,"data, eda_col = NULL, time_col = NULL, group_cols = NULL, sampling_rate = NULL, time_unit = c(""auto"", ""ms"", ""seconds"", ""samples""), convert_resistance_to_us = FALSE, min_finite_prop = 0.50, output_dir = NULL, prefix = ""gazepoint_cvxeda"""
prepare_gazepoint_eyetrackingr_input,eyetrackingr-input.R,"data, participant_col = NULL, trial_col = NULL, time_col = NULL, time_unit = c( ""auto"", ""seconds"", ""milliseconds"", ""samples"" ), sampling_rate_hz = NULL, rezero_time = FALSE, trackloss_col = NULL, validity_col = NULL, valid_values = NULL, x_col = NULL, y_col = NULL, aoi_col = NULL, aoi_cols = NULL, aoi_levels = NULL, outside_aoi_values = c( """", ""none"", ""no_aoi"", ""outside"", ""outside_aoi"", ""non_aoi"", ""background"" ), allow_aoi_overlap = FALSE, item_cols = NULL, predictor_cols = NULL, treat_non_aoi_looks_as_missing = TRUE, sampling_tolerance = 0.05, irregular = c(""error"", ""allow""), create_object = FALSE"
prepare_gazepoint_gazer_input,gazer-input.R,"data, participant_col = NULL, trial_col = NULL, time_col = NULL, time_unit = c( ""auto"", ""seconds"", ""milliseconds"", ""samples"" ), sampling_rate_hz = NULL, rezero_time = FALSE, x_col = NULL, y_col = NULL, x_left_col = NULL, y_left_col = NULL, x_right_col = NULL, y_right_col = NULL, pupil_col = NULL, pupil_left_col = NULL, pupil_right_col = NULL, validity_col = NULL, validity_left_col = NULL, validity_right_col = NULL, valid_values = NULL, blink_col = NULL, blink_left_col = NULL, blink_right_col = NULL, invalid_coordinate_values = NULL, invalid_pupil_values = NULL, mask_invalid = FALSE, other_cols = NULL, sampling_tolerance = 0.05, irregular = c(""error"", ""allow""), create_object = FALSE"
prepare_gazepoint_heartpy_input,heartpy-bridge.R,"data, signal_col = NULL, time_col = NULL, group_cols = NULL, sampling_rate_hz = NULL, output_dir = NULL, prefix = ""gazepoint_heartpy"""
prepare_gazepoint_ledalab_input,external-eda-method-bridges.R,"data, eda_col = NULL, time_col = NULL, group_cols = NULL, sampling_rate = NULL, time_unit = c(""auto"", ""ms"", ""seconds"", ""samples""), convert_resistance_to_us = FALSE, min_finite_prop = 0.50, output_dir = NULL, prefix = ""gazepoint_ledalab"""
prepare_gazepoint_mixed_model_data,roadmap-compatibility-aliases.R,"data, outcome_cols = NULL, participant_col = NULL, trial_col = NULL, condition_cols = NULL, factor_cols = NULL, numeric_cols = NULL, center_numeric = TRUE, scale_numeric = FALSE, drop_missing_outcomes = TRUE, ..."
prepare_gazepoint_mne_events,mne-eeg-lsl-interoperability.R,"events, event_time_col = NULL, event_label_col = NULL, event_code_col = NULL, marker_cols = NULL, participant_col = NULL, trial_col = NULL, time_unit = c( ""auto"", ""seconds"", ""milliseconds"", ""samples"" ), sampling_rate_hz, recording_start_s = 0, first_samp = 0L, event_id = NULL, previous_value = 0L, marker_onset = c(""change"", ""nonzero""), duplicate = c(""error"", ""allow""), export_csv = NULL"
prepare_gazepoint_mne_input,mne-eeg-lsl-interoperability.R,"data, channel_cols = NULL, channel_names = NULL, channel_types = NULL, time_col = NULL, time_unit = c( ""auto"", ""seconds"", ""milliseconds"", ""samples"" ), sampling_rate_hz = NULL, first_samp = 0L, scale_factors = NULL, missing = c(""error"", ""allow""), irregular = c(""error"", ""allow""), sampling_tolerance = 0.05"
prepare_gazepoint_multimodal_model_data,model_data.R,"biometrics, eye_tracking = NULL, group_columns = NULL, biometric_is_summarised = FALSE, by = NULL, all = FALSE"
prepare_gazepoint_neurokit_eda_input,external-interoperability.R,"data, eda_col = ""GSR_US"", time_col = NULL, group_cols = NULL, sampling_rate = NULL, output_dir = NULL, prefix = ""gazepoint_neurokit_eda"""
prepare_gazepoint_pspm_dcm_input,pspm-dcm-bridge.R,"dat, eda_col = ""GSR_US"", time_col = ""CNT"", event_onset_col = NULL, event_duration_col = NULL, event_name_col = NULL, participant_col = NULL, session_col = NULL, sampling_rate = NULL, output_dir = NULL, prefix = ""gazepoint_pspm_dcm"""
prepare_gazepoint_pspm_input,external-eda-method-bridges.R,"data, eda_col = NULL, time_col = NULL, group_cols = NULL, sampling_rate = NULL, time_unit = c(""auto"", ""ms"", ""seconds"", ""samples""), convert_resistance_to_us = FALSE, min_finite_prop = 0.50, output_dir = NULL, prefix = ""gazepoint_pspm"""
prepare_gazepoint_pupillometryr_input,pupillometryr-input.R,"data, participant_col = NULL, trial_col = NULL, time_col = NULL, condition_col = NULL, pupil_left_col = NULL, pupil_right_col = NULL, pupil_col = NULL, time_unit = c( ""auto"", ""seconds"", ""milliseconds"", ""samples"" ), sampling_rate_hz = NULL, rezero_time = FALSE, invalid_pupil_values = NULL, validity_cols = NULL, valid_values = NULL, blink_cols = NULL, mask_invalid = FALSE, create_mean_pupil = TRUE, other_cols = NULL, sampling_tolerance = 0.05, irregular = c(""error"", ""allow""), create_object = FALSE"
prepare_gazepoint_pyhrv_input,pyhrv-input.R,"data, ibi_col = NULL, group_cols = NULL, unit = c(""auto"", ""milliseconds"", ""seconds""), filter = c(""none"", ""plausible""), min_nni_ms = 300, max_nni_ms = 2000, collapse_repeated_intervals = FALSE, repeated_tolerance_ms = 1e-8, output_dir = NULL, prefix = ""gazepoint_pyhrv"", write_manifest = TRUE, overwrite = FALSE"
prepare_gazepoint_pyppg_input,pyppg-hrp-support.R,"data, ppg_col = NULL, time_col = NULL, group_cols = NULL, sampling_rate = NULL, time_unit = c(""auto"", ""ms"", ""seconds"", ""samples""), min_finite_prop = 0.50, output_dir = NULL, prefix = ""gazepoint_pyppg"""
prepare_gazepoint_rhrv_input,compatibility-aliases.R,"data, ibi_col = ""IBI_clean_ms"", group_cols = NULL, unit = c(""auto"", ""ms"", ""seconds""), collapse_repeated_intervals = TRUE, repeated_tolerance_ms = 1e-8, min_ibi_ms = 300, max_ibi_ms = 2000, output_dir = NULL, prefix = ""gazepoint_rhrv"""
prepare_gazepoint_scr_hurdle_model_data,scr-hurdle-model-data.R,"scr_event_windows, response_col = ""response_flag"", amplitude_col = ""scr_amplitude"", latency_col = ""scr_latency"", rise_time_col = ""scr_rise_time"", recovery_time_col = ""scr_recovery_time"", predictor_cols = NULL, factor_cols = NULL, numeric_cols = NULL, group_cols = NULL, event_id_col = ""event_id"", amplitude_transform = c(""none"", ""log"", ""log1p""), amplitude_offset = 1e-6, drop_missing_predictors = TRUE"
prepare_gazepoint_timecourse_test_data,cluster-permutation.R,"data, outcome_col, time_col, condition_col, participant_col, condition_a = NULL, condition_b = NULL, time_bin_width = NULL, aggregation = c(""mean"", ""median""), require_complete = TRUE"
preprocess_gazepoint_all,workflow-reporting-pipeline.R,"data, impute_missing = TRUE, clean_pupil = TRUE, filter_gaze = TRUE, max_gap = 10, screen_bounds = c(0, 1, 0, 1), max_velocity = Inf, verbose = TRUE"
preprocess_gazepoint_scr_pspm_style,pspm-style.R,"data, signal_col = NULL, time_col = NULL, sampling_rate_hz = NULL, range = c(0, 50), slope_limit_per_s = 10, clipping_tolerance = 1e-5, clipping_seconds = 0.5, min_valid_island_seconds = 1, artifact_epoch_seconds = 0.25, smoothing_seconds = 0.25"
process_gazepoint_ppg_heartpy_style,heartpy-extended.R,"data, signal_col = NULL, time_col = NULL, group_cols = NULL, sampling_rate_hz = NULL, clean_rr = TRUE, clean_rr_method = c(""quotient"", ""iqr"", ""modified_z"", ""zscore"", ""none""), frequency_method = c(""welch"", ""fft"", ""periodogram""), output_dir = NULL, ..."
process_gazepoint_ppg_segmentwise,heartpy-extended.R,"data, signal_col = NULL, time_col = NULL, group_cols = NULL, sampling_rate_hz = NULL, window_seconds = 60, overlap = 0.5, min_segment_seconds = 10, clean_rr = TRUE, clean_rr_method = c(""quotient"", ""iqr"", ""modified_z"", ""zscore"", ""none""), frequency_method = c(""welch"", ""fft"", ""periodogram""), ..."
profile_gazepoint_export_folder,export-folder-profile.R,"path, pattern = ""\\.csv$"", recursive = FALSE, max_files = Inf, max_rows = Inf, na.strings = c("""", ""NA"", ""NaN"")"
recommend_gazepoint_biometric_exclusions,exclusions.R,"data, group_columns = NULL, data_is_window_summary = FALSE, participant_column = NULL, gsr_min_usable_pct = 50, hr_min_usable_pct = 50, dial_min_usable_pct = 50, require_gsr = TRUE, require_hr = TRUE, require_dial = FALSE"
reconstruct_gazepoint_ppg_clipping,heartpy-bridge.R,"x, near_max_prop = 0.02, flat_diff_prop = 0.001, min_run = 2L"
regress_gazepoint_pupil_luminance,environment-confounds-and-ipfm.R,"dat, pupil_col, luminance_col, group_cols = NULL, time_col = NULL, output_col = ""pupil_luminance_adjusted"", fitted_col = ""pupil_luminance_fitted"", include_quadratic = TRUE, model_by_group = TRUE, add_intercept_mean = TRUE"
reject_gazepoint_ppg_peaks,heartpy-bridge.R,"peaks, group_col = ""group"", rr_tolerance = 0.30, min_rr_ms = 300"
remove_gazepoint_ppg_baseline_wander,heartpy-extended.R,"x, sampling_rate_hz, method = c(""median"", ""mean""), window_seconds = 2"
report_gazepoint_cluster_permutation,cluster-permutation-diagnostics.R,"result, cluster_alpha = 0.05, digits = 3L, include_assumptions = TRUE"
report_gazepoint_data_quality,workflow-reporting-pipeline.R,"data, output_dir = tempfile(""gazepoint_quality_report_""), report_name = ""gazepoint_data_quality"", formats = c(""html"", ""csv""), max_plot_columns = 6, open = FALSE"
respiration_from_ppg,roadmap-compatibility-aliases.R,"data, ..."
run_gazepoint_automated_statistics,automated-statistics.R,"dat, outcome_cols, group_col, alpha = 0.05, p_adjust_method = ""holm"", normality_alpha = 0.05, min_group_n = 3"
run_gazepoint_biometrics_real_data_readiness,report-bundle-readiness.R,"data = NULL, workflow_result = NULL, min_rows = 100, min_active_signal_count = 1, max_missing_prop = 0.50, required_signal_cols = NULL, require_gsr_us_preferred = TRUE, require_ibi_for_hrv = FALSE, time_col = NULL, ttl_cols = NULL"
run_gazepoint_biometrics_workflow,workflow.R,"path, group_columns = NULL, recursive = FALSE, include_fixations = FALSE, include_all_gaze = TRUE, include_other_csv = FALSE, require_active_signal = TRUE, create_exclusion_recommendations = TRUE, gsr_min_usable_pct = 50, hr_min_usable_pct = 50, dial_min_usable_pct = 50, extract_ttl_events = TRUE, ttl_event_mode = c(""changes"", ""nonzero""), audit_sampling = TRUE, sampling_group_columns = NULL, sampling_time_column = NULL, sampling_time_unit = c( ""samples"", ""seconds"", ""milliseconds"", ""microseconds"" ), expected_sampling_rate_hz = 60"
run_gazepoint_biosppy_eda,biosppy-style.R,"data, signal_col = NULL, time_col = NULL, group_cols = NULL, sampling_rate_hz = NULL, smoothing_seconds = 4"
run_gazepoint_biosppy_ppg,biosppy-style.R,"data, signal_col = NULL, time_col = NULL, group_cols = NULL, sampling_rate_hz = NULL"
run_gazepoint_cluster_permutation,cluster-permutation.R,"data, outcome_col = ""value"", time_col = ""time"", condition_col = ""condition"", participant_col = ""participant"", design = ""within"", condition_a = NULL, condition_b = NULL, n_permutations = 1000, cluster_forming_alpha = 0.05, cluster_alpha = 0.05, tail = c(""two.sided"", ""positive"", ""negative""), seed = NULL, time_bin_width = NULL, aggregation = c(""mean"", ""median"")"
run_gazepoint_cluster_permutation_anova,cluster-permutation-advanced-guardrails.R,...
run_gazepoint_cluster_permutation_covariate_adjusted,cluster-permutation-advanced-guardrails.R,...
run_gazepoint_cluster_permutation_lmer,cluster-permutation-advanced-guardrails.R,...
run_gazepoint_cluster_permutation_parallel,cluster-permutation-advanced-guardrails.R,...
run_gazepoint_cluster_threshold_sensitivity,cluster-permutation-diagnostics.R,"data, dv, time, condition, subject, thresholds = c(0.01, 0.025, 0.05, 0.10), cluster_alpha = 0.05, seed = NULL, ..."
run_gazepoint_eda_analysis_pipeline,eda-analysis-pipeline-runner.R,"data = NULL, path = NULL, eda_col = NULL, time_col = NULL, group_cols = NULL, signal_cols = NULL, sampling_rate = NULL, baseline_window = NULL, event_windows = NULL, event_data = NULL, lag_signal_pair = NULL, convert_resistance_to_us = FALSE, prepare_external_bridges = TRUE, bridge_methods = c(""neurokit"", ""cvxeda"", ""ledalab"", ""pspm""), prepare_model_data = TRUE, create_reports = TRUE, output_dir = NULL, prefix = ""gazepoint_eda_pipeline"", continue_on_error = TRUE"
run_gazepoint_heartpy_crosscheck,heartpy-bridge.R,"data, signal_col = NULL, time_col = NULL, group_cols = NULL, sampling_rate_hz = NULL, ..."
run_gazepoint_multidimensional_cluster_permutation,cluster-permutation-advanced-guardrails.R,...
run_gazepoint_neurokit_eda_crosscheck,external-interoperability.R,"data, eda_col = ""GSR_US"", time_col = NULL, group_cols = NULL, sampling_rate = NULL, execute = FALSE, python = ""python"", output_dir = tempdir(), prefix = ""gazepoint_neurokit_crosscheck"", keep_files = FALSE"
run_gazepoint_online_design_optimization,online-design-optimization.R,"candidate_table, condition_col = ""condition"", utility_col = ""expected_utility"", block_col = NULL, cost_col = NULL, previous_assignments = NULL, exploration_weight = 0.10, balance_weight = 0.10, maximise = TRUE"
run_gazepoint_pyhrv_style,pyhrv-style.R,"nni_ms = NULL, peaks = NULL, peak_time_col = ""peak_time_s"", time_unit = c(""seconds"", ""milliseconds""), frequency_method = c(""welch"", ""lomb"", ""ar"")"
run_gazepoint_real_data_smoke,real-data-smoke-harness.R,"data_dir = Sys.getenv( ""GPBIOMETRICS_SMOKE_DIR"", unset = """" ), output_dir = NULL, dataset_mode = c( ""subdirectories"", ""root"" ), pattern = ""\\.csv$"", recursive = TRUE, workflow_args = list(), diagnostic_args = list(), workflow_runner = NULL, summary_runner = NULL, diagnostic_runner = NULL, stop_on_error = FALSE, write_results = FALSE, overwrite = FALSE, protect_repository = TRUE"
run_gazepoint_scr_multiverse,scr-multiverse.R,"dat, signal_col = ""GSR_US"", time_col = ""time"", trial_cols = NULL, condition_col = NULL, participant_col = NULL, event_time_col = NULL, latency_windows = list(c(1, 3), c(1, 4), c(1, 5)), thresholds = c(0.01, 0.05), baseline_methods = c(""median"", ""mean""), baseline_window = c(-1, 0), response_metrics = c(""max_minus_baseline""), model_function = NULL"
run_gazepoint_scr_threshold_sensitivity,scr-threshold-sensitivity.R,"data, phasic_col = NULL, signal_col = NULL, time_col = NULL, group_cols = NULL, amplitude_min_values = c(0.005, 0.01, 0.02, 0.03), min_peak_distance_values = c(1, 5, 10, 20, 30), recovery_fraction = 0.5, smooth_width = 1, events = NULL, event_time_col = NULL, event_id_col = NULL, event_label_col = NULL, ttl_cols = NULL, ttl_valid_col = NULL, event_detection = c(""rising"", ""active""), analysis_window = c(0, 6), response_window = c(1, 4), peak_selection = c(""largest_amplitude"", ""first_peak""), collapse_simultaneous_events = FALSE, include_event_windows = TRUE, keep_objects = FALSE"
run_gazepoint_tfce,cluster-permutation-advanced-guardrails.R,...
run_gpbiometrics_shiny,shiny-and-preregistration.R,
run_gpbiometrics_shiny_annotator,shiny-annotator.R,
scale_gazepoint_ppg_sections,heartpy-extended.R,"data, signal_col = NULL, section_cols = NULL, method = c(""zscore"", ""minmax"", ""robust"", ""center"", ""none""), output_col = ""ppg_scaled"", range = c(0, 1)"
scale_gazepoint_ppg_signal,heartpy-extended.R,"x, method = c(""zscore"", ""minmax"", ""robust"", ""center"", ""none""), range = c(0, 1)"
screen_gazepoint_eda_nonresponders,eda-nonresponders.R,"x, group_cols = NULL, response_col = ""response_flag"", amplitude_col = ""scr_amplitude"", min_events = 1, min_response_events = 1, min_response_rate = 0.05, min_detected_peaks = 1"
segment_gazepoint_pyhrv_nni,pyhrv-style.R,"nni_ms, segment_seconds = 300, overlap = 0, min_intervals = 3L"
session_info_gazepoint,mne-eeg-lsl-interoperability.R,"packages = NULL, include_loaded = TRUE, timestamp = Sys.time()"
simulate_gazepoint_artifact,reproducibility-simulation.R,"data, signal_cols, artifact = c(""missing_run"", ""flatline"", ""spike""), n_artifacts = 1, artifact_length = 5, magnitude = NULL, seed = NULL, suffix = ""_artifact"", overwrite = FALSE"
simulate_gazepoint_biometrics,simulation-and-chunking.R,"n_seconds = 120, sampling_rate = 60, participant_id = ""sim_p1"", scr_onsets = NULL, scr_rate_per_min = 4, pulse_rate_bpm = 72, respiration_rate_bpm = 15, eda_noise_sd = 0.01, ppg_noise_sd = 0.02, include_ttl = TRUE, seed = NULL"
simulate_gazepoint_cluster_timecourse_data,cluster-permutation-diagnostics.R,"n_subjects = 12L, n_time = 60L, conditions = c(""A"", ""B""), effect_start = 25, effect_end = 38, effect_size = 0.6, noise_sd = 0.4, subject_sd = 0.25, time_start = 1, time_step = 1, effect_condition = ""B"", seed = NULL"
simulate_gazepoint_eye_data,simulate-gazepoint-eye-data.R,params = list()
simulate_gazepoint_multimodal_data,roadmap-exact-backlog-helpers.R,"n = NULL, duration_s = 20, sampling_rate_hz = 50, seed = 1, participant = ""P01"", n_trials = 4"
smooth_gazepoint_biometrics,preprocess.R,"data, value_column, window = 5L, output_column = NULL, na_rm = TRUE"
smooth_gazepoint_ppg_signal,heartpy-extended.R,"x, sampling_rate_hz, method = c(""mean"", ""median""), window_seconds = 0.10"
smooth_gazepoint_pupil,pupil-qc-reporting.R,"data, pupil_cols = NULL, id_cols = NULL, window = 5L, suffix = ""_smooth"", min_nonmissing = 1L"
split_gazepoint_sessions_pspm_style,pspm-style.R,"data, time_col = NULL, gap_seconds = NULL, session_col = ""pspm_session"", reset_time = TRUE"
standardise_gazepoint_adaptive_ema,adaptive-ema-normalization.R,"dat, signal_col = ""GSR_US"", group_cols = NULL, time_col = NULL, alpha = 0.05, iqr_multiplier = 1.5, suffix = ""_adaptive_ema"", center_suffix = ""_ema_center"", scale_suffix = ""_ema_scale"", min_scale = 1e-8, overwrite = FALSE"
standardise_gazepoint_biometric_names,schema-helpers.R,"data, style = c(""canonical"", ""snake""), rename = TRUE"
standardise_gazepoint_biometrics_within_unit,within-unit-standardization.R,"data, signal_cols = NULL, unit_cols = NULL, reference_col = NULL, reference_value = TRUE, suffix = ""_z_within"", center = TRUE, scale = TRUE, min_valid = 2, zero_sd_action = c(""NA"", ""zero""), overwrite = FALSE"
standardise_gazepoint_plot_contract,plot-contracts.R,"plot, plot_data = NULL, settings = list(), interpretation_notes = NULL, plot_type = NULL"
standardise_gazepoint_range_correction,classical-standardization.R,"dat, signal_col, group_col = ""source_participant"", suffix = ""_Range_Corrected"", min_valid = 2, zero_range_action = c(""NA"", ""zero""), overwrite = FALSE"
standardise_gazepoint_zscore,classical-standardization.R,"dat, signal_col = ""SCR_Amplitude"", group_col = ""source_participant"", suffix = ""_Z"", min_valid = 2, overwrite = FALSE"
standardize_gazepoint_adaptive_ema,,
standardize_gazepoint_biometrics_within_unit,within-unit-standardization.R,"data, signal_cols = NULL, unit_cols = NULL, reference_col = NULL, reference_value = TRUE, suffix = ""_z_within"", center = TRUE, scale = TRUE, min_valid = 2, zero_sd_action = c(""NA"", ""zero""), overwrite = FALSE"
standardize_gazepoint_column_names,roadmap-exact-backlog-helpers.R,"data, dictionary = NULL, conflict = c(""suffix"", ""error"", ""keep""), ignore_case = TRUE"
standardize_gazepoint_columns,roadmap-compatibility-aliases.R,"data, ..."
standardize_gazepoint_plot_contracts,compatibility-aliases.R,"plot, plot_data = NULL, settings = list(), interpretation_notes = NULL, plot_type = NULL"
standardize_gazepoint_range_correction,classical-standardization.R,"dat, signal_col, group_col = ""source_participant"", suffix = ""_Range_Corrected"", min_valid = 2, zero_range_action = c(""NA"", ""zero""), overwrite = FALSE"
standardize_gazepoint_zscore,classical-standardization.R,"dat, signal_col = ""SCR_Amplitude"", group_col = ""source_participant"", suffix = ""_Z"", min_valid = 2, overwrite = FALSE"
summarise_gazepoint_aoi_biometrics,aoi-biometrics.R,"data, aoi_col = ""AOI"", signal_cols = NULL, group_cols = NULL, time_col = NULL, valid_aoi_values = NULL, drop_missing_aoi = TRUE, min_rows = 1"
summarise_gazepoint_biometric_validity,validity-dropouts.R,"data, signal_cols = NULL, validity_cols = NULL, group_cols = NULL, active_min_unique = 2L"
summarise_gazepoint_biometrics_feature_inventory,feature-inventory-format.R,formatted_inventory = NULL
summarise_gazepoint_biometrics_workflow,workflow.R,workflow
summarise_gazepoint_decision_log,analysis-decision-log.R,log
summarise_gazepoint_dial_windows,compatibility-wrappers.R,"data, ..., dial_col = NULL"
summarise_gazepoint_engagement_windows,windows.R,"data, group_columns = NULL, value_column = ""DIAL"", validity_column = ""DIALV"", exclude_zero = FALSE"
summarise_gazepoint_fixations_by_aoi,roadmap-final-gaps.R,"fixations, aoi_col = NULL, participant_col = NULL, trial_col = NULL, group_cols = NULL, start_col = NULL, end_col = NULL, duration_col = NULL, event_onset_col = NULL, time_unit = c(""auto"", ""seconds"", ""milliseconds"", ""samples""), duration_unit = c(""auto"", ""seconds"", ""milliseconds"", ""samples""), sampling_rate_hz = NULL, include_unassigned = FALSE, unassigned_label = ""UNASSIGNED"""
summarise_gazepoint_full_biometric_windows,full_windows.R,"data, group_columns, include_ibi_hrv = TRUE"
summarise_gazepoint_gsr_tonic_phasic,gsr-eda-helpers.R,"data, gsr_col = NULL, group_cols = NULL, time_col = NULL, window_n = 15L, peak_threshold = NULL, output_prefix = ""gsr"""
summarise_gazepoint_gsr_windows,windows.R,"data, group_columns = NULL, value_column = NULL, validity_column = ""GSRV"", exclude_zero = TRUE"
summarise_gazepoint_hr_windows,windows.R,"data, group_columns = NULL, value_column = ""HR"", validity_column = ""HRV"", exclude_zero = TRUE"
summarise_gazepoint_hrv_features,hrv-features.R,"data, ibi_col = NULL, group_cols = NULL, time_col = NULL, ibi_unit = c(""auto"", ""seconds"", ""milliseconds""), min_ibi_ms = 300, max_ibi_ms = 2000, min_valid_ibi = 3L"
summarise_gazepoint_ibi_hrv_windows,hrv.R,"data, group_columns, ibi_column = ""IBI"", validity_column = ""HRV"", min_ibi = 0.3, max_ibi = 2.0"
summarise_gazepoint_ibi_windows,ibi-helpers.R,"data, ibi_col = NULL, group_cols = NULL, time_col = NULL, unit = c(""auto"", ""milliseconds"", ""seconds""), min_ibi_ms = 300, max_ibi_ms = 2000, max_jump_ms = 500, exclude_large_jumps = TRUE, min_valid_ibi = 2L"
summarise_gazepoint_multimodal_windows,windows.R,"data, group_columns = NULL, exclude_zero = TRUE"
summarise_gazepoint_scr_event_windows,scr-event-windows.R,"data = NULL, scr_peaks, events = NULL, time_col = NULL, event_time_col = NULL, event_id_col = NULL, event_label_col = NULL, group_cols = NULL, ttl_cols = NULL, ttl_valid_col = NULL, event_detection = c(""rising"", ""active""), analysis_window = c(0, 6), response_window = c(1, 4), amplitude_col = ""amplitude"", peak_time_col = ""peak_time"", onset_time_col = ""onset_time"", rise_time_col = ""rise_time"", recovery_time_col = ""recovery_time_after_peak"", peak_status_col = ""status"", peak_selection = c(""largest_amplitude"", ""first_peak""), collapse_simultaneous_events = FALSE"
summarize_gazepoint_aoi_dwell,roadmap-exact-backlog-helpers.R,"data, time_col = NULL, aoi_col = NULL, duration_col = NULL, group_cols = NULL, valid_col = NULL"
summarize_gazepoint_audit_trail,audit-trail-summary.R,"audit_index, by = NULL"
summarize_gazepoint_beat_corrections,beat-correction-audit.R,"correction, by = NULL"
summarize_gazepoint_eventlocked_multimodal,alignment-aoi-eventlocked-dashboard.R,"data, events, time_col = NULL, event_time_col = NULL, event_id_col = NULL, group_cols = NULL, signal_cols = NULL, pre_s = 1, post_s = 3, baseline_window_s = c(-1, 0), summary_window_s = c(0, 3)"
summarize_gazepoint_export_inventory,dataset-structure-audit.R,"path, recursive = TRUE, include_hidden = FALSE, classify = TRUE"
summarize_gazepoint_feature_coverage,release-readiness-audit.R,"path = ""."", exports = NULL, patterns = NULL"
summarize_gazepoint_fixations,pupil-gaze-cleaning.R,"fixDF, duration_col = NULL, x_col = NULL, y_col = NULL, participant_col = NULL, trial_col = NULL, aoi_col = NULL, group_cols = NULL, duration_unit = c(""auto"", ""seconds"", ""milliseconds"")"
summarize_gazepoint_fixations_by_aoi,roadmap-final-gaps.R,...
summarize_gazepoint_missingness,frontdoor-audit-missingness.R,"data, signal_cols = NULL, time_col = NULL, group_cols = NULL, long_gap_s = NULL, count_nonfinite = TRUE"
summarize_gazepoint_nonwear,signal-dropout-preprocessing.R,"nonwear, by = ""signal"""
summarize_gazepoint_preregistration_readiness,preregistration-readiness.R,"audit, by = NULL"
summarize_gazepoint_pupil_events,roadmap-remaining-helpers.R,"data, events, pre = 1, post = 3, time_col = NULL, pupil_col = NULL, event_time_col = NULL, event_id_col = NULL, baseline_window = NULL, response_window = c(0, 3)"
summarize_gazepoint_qc_overview,session-quality-audit.R,"data, group_cols = NULL, quality_index_col = NULL, flag_cols = NULL, metric_cols = NULL"
summarize_gazepoint_scanpath_metrics,roadmap-exact-backlog-helpers.R,"data, x_col = NULL, y_col = NULL, time_col = NULL, aoi_col = NULL, fixation_id_col = NULL, group_cols = NULL, min_saccade_distance = 0.02"
summarize_gazepoint_scr_recovery,roadmap-remaining-helpers.R,"data, events, pre = 1, post = 6, time_col = NULL, signal_col = NULL, event_time_col = NULL, event_id_col = NULL, baseline_window = NULL, peak_window = c(0.5, 4), recovery_fraction = 0.5"
summarize_gazepoint_signal_quality,signal-quality-reporting.R,"quality, by = ""signal"""
summarize_gazepoint_time_clusters,cluster-permutation.R,"x, alpha = NULL"
summarize_gazepoint_tracking,roadmap-remaining-helpers.R,"data, pupil_cols = NULL, x_col = NULL, y_col = NULL, group_cols = NULL, screen_bounds = c(0, 1, 0, 1), nonpositive_is_invalid = TRUE"
sync_gazepoint_biometrics_with_gaze,sync.R,"biometrics, gaze, by, all_x = TRUE, suffixes = c("".gaze"", "".bio"")"
sync_gazepoint_signals_via_lsl,mne-eeg-lsl-interoperability.R,"streams, reference = NULL, time_cols = NULL, clock_offsets_s = NULL, known_lags_s = NULL, relative_zero = c( ""reference"", ""global"", ""none"" ), dejitter = c(""none"", ""linear""), nominal_rates_hz = NULL, merge = c(""none"", ""nearest""), tolerance_s = NULL"
test_gazepoint_hrv_nonlinearity,hrv-surrogate-nonlinearity.R,"dat, ibi_col = ""IBI"", group_cols = NULL, metric = c( ""sample_entropy"", ""approximate_entropy"", ""sd1_sd2_ratio"" ), n_surrogates = 99, surrogate_method = c( ""phase_randomized"", ""shuffle"" ), m = 2, r_multiplier = 0.2, statistic_fun = NULL, seed = NULL"
trim_gazepoint_biometrics_pspm_style,pspm-style.R,"data, start_s = NULL, end_s = NULL, time_col = NULL, reset_time = FALSE"
upsample_gazepoint_data,signal-dropout-preprocessing.R,"data, time_col, signal_cols = NULL, group_cols = NULL, interval = NULL, method = c(""linear"", ""constant"")"
validate_gazepoint_biometrics,validate.R,"data, require_active_signal = FALSE"
validate_gazepoint_format,roadmap-compatibility-aliases.R,"data, required_cols = NULL, optional_cols = NULL, expected_modalities = NULL, standardize = FALSE, strict = FALSE, ..."
validate_gazepoint_gaze,roadmap-final-gaps.R,"data, time_col = NULL, x_col = NULL, y_col = NULL, validity_cols = NULL, group_cols = NULL, coordinate_system = c(""auto"", ""normalized"", ""pixels"", ""degrees""), screen_width_px = NULL, screen_height_px = NULL, time_unit = c(""auto"", ""seconds"", ""milliseconds"", ""samples""), sampling_rate_hz = NULL, expected_sampling_rate_hz = NULL, sampling_tolerance = 0.20, missing_threshold = 0.20, gap_multiplier = 3"
validate_gazepoint_metadata,pupil-qc-reporting.R,"data, required_cols = character(), expected_cols = character(), id_cols = NULL, time_col = NULL, unique_cols = NULL, allow_missing_ids = FALSE"
write_gazepoint_biometrics_report_tables,report_table_export.R,"tables, output_dir, prefix = ""gazepoint_biometrics"", overwrite = TRUE, include_empty_message_tables = FALSE"
write_gazepoint_decision_log,analysis-decision-log.R,"log, path, summary_path = NULL, overwrite = FALSE"
write_gazepoint_export_profile,export-folder-profile.R,"profile, path, prefix = ""gazepoint_export_profile"", overwrite = FALSE"
write_gazepoint_interoperability_audit,interoperability-version-testing.R,"x, output_dir, prefix = ""gpbiometrics-interoperability"", overwrite = FALSE"
write_gazepoint_mne_fif,roadmap-final-gaps.R,"x, fname, events = NULL, overwrite = FALSE, fmt = c(""single"", ""double""), python = NULL, execute = TRUE, keep_intermediate = FALSE, verbose = FALSE, ..."
write_gazepoint_real_data_smoke,real-data-smoke-harness.R,"x, output_dir, prefix = ""gpbiometrics-real-data-smoke"", overwrite = FALSE, protect_repository = TRUE"
