activity,ita_bin,hr_retention,mae_bpm,waveform_available
Rest,lower ITA,0.950925925925926,1.1377061851511543,0.9365740740740741
Rest,low-mid ITA,0.9766666666666668,1.1058050896769482,0.9625
Rest,mid-high ITA,0.9830555555555556,1.1125134466908886,0.9841666666666666
Rest,higher ITA,0.9925,1.144030144431261,0.9902777777777778
Typing,lower ITA,0.9356481481481481,1.926435729613002,0.9064814814814816
Typing,low-mid ITA,0.9650000000000001,1.9335946018327224,0.9452777777777778
Typing,mid-high ITA,0.9855555555555556,1.921451396967931,0.9730555555555556
Typing,higher ITA,0.9880555555555557,1.9181428153258853,0.99
Walk,lower ITA,0.8763888888888888,4.0163807430796234,0.7800925925925926
Walk,low-mid ITA,0.928888888888889,3.9472483636704494,0.8488888888888889
Walk,mid-high ITA,0.961111111111111,3.9722123989869376,0.9005555555555554
Walk,higher ITA,0.9794444444444445,3.925350754643825,0.9194444444444445
