participant,activity,ita_degrees,waveform_available,hr_retention,mae_bpm
P001,Rest,-20.04844681071674,0.925,0.9388888888888889,1.1329568628523219
P001,Typing,-20.04844681071674,0.8666666666666667,0.9111111111111111,1.941322656328932
P001,Walk,-20.04844681071674,0.7805555555555556,0.8583333333333333,4.013736400650704
P002,Rest,-18.11667453065633,0.9277777777777778,0.9527777777777777,1.1366254212040299
P002,Typing,-18.11667453065633,0.8916666666666667,0.9166666666666666,2.014074875372762
P002,Walk,-18.11667453065633,0.7666666666666667,0.8805555555555555,3.7970757844069523
P003,Rest,-15.835920945273863,0.9305555555555556,0.9277777777777778,1.1512176120963387
P003,Typing,-15.835920945273863,0.9,0.9472222222222222,1.785074952896358
P003,Walk,-15.835920945273863,0.7666666666666667,0.8555555555555555,4.316570748473358
P004,Rest,-12.126344593862761,0.9277777777777778,0.9638888888888889,1.1857719059801834
P004,Typing,-12.126344593862761,0.9305555555555556,0.9444444444444444,1.8312035860957012
P004,Walk,-12.126344593862761,0.8111111111111111,0.8888888888888888,4.032135439262385
P005,Rest,-11.186268598479717,0.9472222222222222,0.9694444444444444,1.0834052179273324
P005,Typing,-11.186268598479717,0.9027777777777778,0.9361111111111111,2.0229429588442587
P005,Walk,-11.186268598479717,0.8027777777777778,0.8777777777777778,3.8696603653999695
P006,Rest,-7.624339747589386,0.9611111111111111,0.9527777777777777,1.1362600908467198
P006,Typing,-7.624339747589386,0.9472222222222222,0.9583333333333334,1.96399534814
P006,Walk,-7.624339747589386,0.7527777777777778,0.8972222222222223,4.069105720284369
P007,Rest,-3.457700991090607,0.9638888888888889,0.9694444444444444,1.1323806810018584
P007,Typing,-3.457700991090607,0.9277777777777778,0.9666666666666667,1.8951379571904603
P007,Walk,-3.457700991090607,0.7944444444444444,0.9277777777777778,3.9342727906166233
P008,Rest,-2.2743583979217683,0.9527777777777777,0.9611111111111111,1.1299386788672399
P008,Typing,-2.2743583979217683,0.9361111111111111,0.9527777777777777,1.9793154083173676
P008,Walk,-2.2743583979217683,0.8333333333333334,0.9,3.9372564933739325
P009,Rest,1.5723201151508026,0.9638888888888889,0.9805555555555555,1.13426030343346
P009,Typing,1.5723201151508026,0.9472222222222222,0.9638888888888889,1.9690103294056476
P009,Walk,1.5723201151508026,0.8194444444444444,0.9027777777777778,3.965501500471348
P010,Rest,3.996456723381424,0.9722222222222222,0.975,0.9760875018379901
P010,Typing,3.996456723381424,0.9333333333333333,0.9611111111111111,2.0120708904741447
P010,Walk,3.996456723381424,0.8583333333333333,0.9333333333333333,4.129269909933282
P011,Rest,6.740208424204745,0.9666666666666667,0.9722222222222222,1.1362124606134625
P011,Typing,6.740208424204745,0.9361111111111111,0.9555555555555556,1.8551989921537428
P011,Walk,6.740208424204745,0.8305555555555556,0.9055555555555556,3.8175552550535254
P012,Rest,6.902935159693678,0.9583333333333334,0.975,1.1030257226513633
P012,Typing,6.902935159693678,0.9472222222222222,0.9583333333333334,1.906227610666049
P012,Walk,6.902935159693678,0.8583333333333333,0.9333333333333333,4.120125218533637
P013,Rest,12.836145573427686,0.975,0.975,1.1939936200266639
P013,Typing,12.836145573427686,0.9527777777777777,0.9833333333333333,1.8420108827784065
P013,Walk,12.836145573427686,0.8805555555555555,0.9333333333333333,3.818071136961114
P014,Rest,11.04088639563244,0.9611111111111111,0.9861111111111112,1.051519694983561
P014,Typing,11.04088639563244,0.9472222222222222,0.9666666666666667,1.9543197650017223
P014,Walk,11.04088639563244,0.8472222222222222,0.9472222222222222,3.9286337345694555
P015,Rest,14.376369438372143,0.9666666666666667,0.9861111111111112,1.101620697098737
P015,Typing,14.376369438372143,0.9527777777777777,0.975,1.9108323996236969
P015,Walk,14.376369438372143,0.875,0.9583333333333334,3.794914441089482
P016,Rest,17.33457921843533,0.9444444444444444,0.9861111111111112,1.0990115362551458
P016,Typing,17.33457921843533,0.9722222222222222,0.9666666666666667,2.011821782715985
P016,Walk,17.33457921843533,0.8916666666666667,0.9472222222222222,4.026883156102093
P017,Rest,21.94157291004914,0.9777777777777777,0.9888888888888889,1.1013351799441964
P017,Typing,21.94157291004914,0.9694444444444444,0.9722222222222222,1.9309319161501195
P017,Walk,21.94157291004914,0.8694444444444445,0.9472222222222222,3.960593746021834
P018,Rest,24.926250440795616,0.9861111111111112,0.9694444444444444,1.100235399533863
P018,Typing,24.926250440795616,0.9638888888888889,0.9944444444444445,1.874631752874652
P018,Walk,24.926250440795616,0.8861111111111111,0.9611111111111111,4.118817000840013
P019,Rest,25.427684547276733,0.9777777777777777,0.9888888888888889,1.117945977315974
P019,Typing,25.427684547276733,0.9611111111111111,0.9805555555555555,1.95610366144535
P019,Walk,25.427684547276733,0.8916666666666667,0.9527777777777777,3.9734743240243007
P020,Rest,27.51539065582601,0.9861111111111112,0.9805555555555555,1.1223904939704492
P020,Typing,27.51539065582601,0.9694444444444444,0.9833333333333333,1.8848329714110972
P020,Walk,27.51539065582601,0.9027777777777778,0.9527777777777777,4.131299390932088
P021,Rest,30.39601314014,0.9888888888888889,0.9916666666666667,1.1104679562706745
P021,Typing,30.39601314014,0.9611111111111111,0.9805555555555555,1.9633994935178798
P021,Walk,30.39601314014,0.9083333333333333,0.9527777777777777,3.8761245171409824
P022,Rest,32.42538428177774,0.9861111111111112,0.9777777777777777,1.1490986675942865
P022,Typing,32.42538428177774,0.975,0.9861111111111112,2.0004819415527297
P022,Walk,32.42538428177774,0.8861111111111111,0.9666666666666667,3.9187107848585363
P023,Rest,37.39729185374676,0.9777777777777777,0.9888888888888889,1.112758579800906
P023,Typing,37.39729185374676,0.9888888888888889,0.9861111111111112,1.9066734065220237
P023,Walk,37.39729185374676,0.9055555555555556,0.9611111111111111,3.9120430245898152
P024,Rest,36.358258118991245,0.9861111111111112,0.975,1.0807499729311778
P024,Typing,36.358258118991245,0.9611111111111111,0.9972222222222222,1.951091175468481
P024,Walk,36.358258118991245,0.9194444444444444,0.9638888888888889,3.967197000390304
P025,Rest,39.25774574540424,0.9805555555555555,0.9888888888888889,1.1191203568582377
P025,Typing,39.25774574540424,0.9888888888888889,0.9916666666666667,1.900507528613791
P025,Walk,39.25774574540424,0.9166666666666666,0.975,3.9569099186987544
P026,Rest,41.285363075001044,0.9944444444444445,0.9805555555555555,1.1110318826891203
P026,Typing,41.285363075001044,0.9916666666666667,0.9833333333333333,1.8458601221231865
P026,Walk,41.285363075001044,0.9194444444444444,0.9777777777777777,3.9069542823727477
P027,Rest,45.64531575179416,0.9805555555555555,0.9972222222222222,1.1496088866881997
P027,Typing,45.64531575179416,0.9861111111111112,0.975,1.9104969013340598
P027,Walk,45.64531575179416,0.8916666666666667,0.9722222222222222,3.9247525207812215
P028,Rest,48.766897819455394,0.9861111111111112,0.9916666666666667,1.1200041729654295
P028,Typing,48.766897819455394,0.9861111111111112,0.9861111111111112,2.049190315995432
P028,Walk,48.766897819455394,0.9111111111111111,0.9777777777777777,4.061068865574358
P029,Rest,52.624585455749326,0.9944444444444445,0.9916666666666667,1.0797376383539092
P029,Typing,52.624585455749326,0.9916666666666667,0.9861111111111112,2.007235683011923
P029,Walk,52.624585455749326,0.9277777777777778,0.9638888888888889,3.872935285994433
P030,Rest,55.729799135094204,0.9972222222222222,0.9916666666666667,1.1591935857393494
P030,Typing,55.729799135094204,0.9833333333333333,0.9888888888888889,1.9633648306048772
P030,Walk,55.729799135094204,0.9138888888888889,0.9916666666666667,4.0100463682249385
P031,Rest,58.15305475415637,0.9916666666666667,0.9944444444444445,1.0856214263410318
P031,Typing,58.15305475415637,0.9888888888888889,0.9972222222222222,1.8837358097203263
P031,Walk,58.15305475415637,0.9277777777777778,0.9805555555555555,3.853194755443509
P032,Rest,58.3529452849125,0.9944444444444445,0.9944444444444445,1.1293780725197315
P032,Typing,58.3529452849125,0.9944444444444445,0.9888888888888889,1.7707128415058753
P032,Walk,58.3529452849125,0.9138888888888889,0.9861111111111112,3.971692492510345
P033,Rest,61.377667328117916,0.9833333333333333,0.9777777777777777,1.124073154819871
P033,Typing,61.377667328117916,0.9916666666666667,0.9861111111111112,1.8655446125278465
P033,Walk,61.377667328117916,0.9333333333333333,0.9666666666666667,3.900929551711986
P034,Rest,64.01039702009746,0.9888888888888889,1.0,1.1981131097492188
P034,Typing,64.01039702009746,0.9972222222222222,0.9861111111111112,1.8478361163046624
P034,Walk,64.01039702009746,0.9083333333333333,0.9805555555555555,3.9695052879753456
P035,Rest,67.14997033144569,0.9861111111111112,0.9888888888888889,1.2241479870029788
P035,Typing,67.14997033144569,0.9916666666666667,0.9916666666666667,1.9917767572718061
P035,Walk,67.14997033144569,0.9305555555555556,0.9888888888888889,3.821762091650226
P036,Rest,66.21924261346676,1.0,0.9972222222222222,1.1704234101328914
P036,Typing,66.21924261346676,0.9888888888888889,0.9944444444444445,1.891534284982043
P036,Walk,66.21924261346676,0.9361111111111111,0.9861111111111112,3.8676203265718905
