export,python_test_reference,r_test_reference
add_gazepoint_decision,True,True
align_gazepoint_biometrics_to_ttl,True,True
align_gazepoint_streams_by_events,True,True
align_gazepoint_to_eeg,True,True
analyze_gazepoint_ac_susceptance,True,True
analyze_gazepoint_cardiorespiratory_causality,True,True
analyze_gazepoint_skin_potential,True,True
anonymize_gazepoint_data,True,True
assert_gazepoint_columns,True,True
assess_gazepoint_hrp_waveform_quality,True,True
assess_gazepoint_sampling_irregularity,True,True
assign_gazepoint_aoi,True,True
audit_gazepoint_beats,True,True
audit_gazepoint_biometric_missingness,True,True
audit_gazepoint_biometric_sampling,True,True
audit_gazepoint_biometric_sync_drift,True,True
audit_gazepoint_biometrics_file,True,True
audit_gazepoint_condition_balance,True,True
audit_gazepoint_dataset_structure,True,True
audit_gazepoint_distributional_drift,True,True
audit_gazepoint_eda_artifacts,True,True
audit_gazepoint_engagement_dial,True,True
audit_gazepoint_event_coverage,True,True
audit_gazepoint_experiment_design,True,True
audit_gazepoint_export_schema,True,True
audit_gazepoint_gsr_quality,True,True
audit_gazepoint_gsr_units,True,True
audit_gazepoint_hr_quality,True,True
audit_gazepoint_ibi_quality,True,True
audit_gazepoint_interoperability_versions,True,True
audit_gazepoint_pipeline_steps,True,True
audit_gazepoint_preregistration_consistency,True,True
audit_gazepoint_pupil_luminance,True,True
audit_gazepoint_release_readiness,True,True
audit_gazepoint_session_comparability,True,True
audit_gazepoint_signal_activity,True,True
audit_gazepoint_smoke_privacy,True,True
audit_gazepoint_stabilization_period,True,True
audit_gazepoint_time_resets,True,True
audit_gazepoint_timecourse_grid,True,True
baseline_correct_gazepoint_gsr,True,True
baseline_correct_gazepoint_hr,True,True
baseline_correct_gazepoint_pupil,True,True
build_gazepoint_aoi_timecourse,True,True
calculate_gazepoint_rsa,True,True
check_gazepoint_bids,True,True
check_gazepoint_biometric_columns,True,True
check_gazepoint_plot_contract,True,True
check_gazepoint_ppg_binary_quality,True,True
check_gazepoint_pyhrv_interval,True,True
chunk_gazepoint_biometrics,True,True
classify_gazepoint_eda_response_pattern,True,True
classify_gazepoint_scr_intervals,True,True
classify_gazepoint_signal_quality,True,True
clean_gazepoint_pupil,True,True
clean_gazepoint_pupil_signal,True,True
clean_gazepoint_rr_intervals,True,True
combine_gazepoint_marker_channels_pspm_style,True,True
compare_gazepoint_conditions_bootstrap,True,True
compare_gazepoint_export_profiles,True,True
compare_gazepoint_hr_ibi_consistency,True,True
compare_gazepoint_pyhrv_psd_methods,True,True
compute_gazepoint_engagement_index,True,True
compute_gazepoint_hrv_wavelet_psd,True,True
compute_gazepoint_ppg_frequency_measures,True,True
compute_gazepoint_ppg_measures,True,True
compute_gazepoint_ppg_template_similarity,True,True
compute_gazepoint_pyhrv_ar_psd,True,True
compute_gazepoint_pyhrv_dfa,True,True
compute_gazepoint_pyhrv_frequency_domain,True,False
compute_gazepoint_pyhrv_heart_rate,True,True
compute_gazepoint_pyhrv_hr_parameters,True,False
compute_gazepoint_pyhrv_lomb_psd,True,True
compute_gazepoint_pyhrv_nn20,True,True
compute_gazepoint_pyhrv_nn50,True,True
compute_gazepoint_pyhrv_nn_diff,True,False
compute_gazepoint_pyhrv_nni_differences_parameters,True,False
compute_gazepoint_pyhrv_nni_parameters,True,False
compute_gazepoint_pyhrv_nnxx,True,False
compute_gazepoint_pyhrv_nonlinear,True,True
compute_gazepoint_pyhrv_poincare,True,True
compute_gazepoint_pyhrv_psd_waterfall,True,False
compute_gazepoint_pyhrv_rmssd,True,False
compute_gazepoint_pyhrv_sample_entropy,True,True
compute_gazepoint_pyhrv_sdann,True,False
compute_gazepoint_pyhrv_sdnn,True,False
compute_gazepoint_pyhrv_sdnn_index,True,False
compute_gazepoint_pyhrv_sdsd,True,False
compute_gazepoint_pyhrv_time_domain,True,True
compute_gazepoint_pyhrv_tinn,True,False
compute_gazepoint_pyhrv_triangular_index,True,False
compute_gazepoint_pyhrv_welch_psd,True,True
compute_gazepoint_quality_index,True,True
compute_gazepoint_scr_habituation,True,True
compute_gazepoint_scr_latency,True,True
compute_gazepoint_signal_band_power,True,True
compute_gazepoint_signal_correlation,True,True
compute_gazepoint_signal_lag_matrix,True,True
compute_gazepoint_signal_phase_locking,True,True
compute_gazepoint_signal_power_spectrum,True,True
compute_gazepoint_signal_quality,True,True
convert_gazepoint_gsr_to_conductance,True,True
correct_gazepoint_beats,True,True
correct_gazepoint_eda_temperature,True,True
correct_gazepoint_ppg_hampel,True,True
correct_gazepoint_rri_artifacts_local,True,True
create_gazepoint_analysis_decision_log,True,True
create_gazepoint_analysis_manifest,True,True
create_gazepoint_audit_index,True,True
create_gazepoint_audit_report_section,True,True
create_gazepoint_biometrics_checklist,True,True
create_gazepoint_biometrics_feature_inventory,True,True
create_gazepoint_biometrics_methods_text,True,True
create_gazepoint_biometrics_report,True,True
create_gazepoint_biometrics_report_tables,True,True
create_gazepoint_dictionary,True,True
create_gazepoint_eda_analysis_pipeline,True,True
create_gazepoint_eye_methods_text,True,True
create_gazepoint_heartpy_report,True,True
create_gazepoint_methods_section,True,True
create_gazepoint_pipeline_map,True,True
create_gazepoint_preregistration_checklist,True,True
create_gazepoint_preregistration_template,True,True
create_gazepoint_pspm_glm_design,True,True
create_gazepoint_pyhrv_time_vector,True,False
create_gazepoint_qc_supplement,True,True
create_gazepoint_quality_dashboard,True,True
create_gazepoint_release_checklist,True,True
create_gazepoint_reproducibility_statement,True,True
create_gazepoint_sidecar_template,True,True
create_gazepoint_trial_regressors,True,True
decompose_gazepoint_eda,True,True
denoise_gazepoint_eda_autoencoder,True,True
denoise_gazepoint_eda_wavelet,True,True
denoise_gazepoint_ppg_autoencoder,True,True
denoise_gazepoint_quantization_noise,True,True
detect_active_biometric_channels,True,True
detect_gazepoint_biometric_schema,True,True
detect_gazepoint_biometric_timebase,True,True
detect_gazepoint_blinks,True,True
detect_gazepoint_doubly_stochastic_changepoints,True,True
detect_gazepoint_fixations,True,True
detect_gazepoint_nonwear,True,True
detect_gazepoint_ppg_onsets,True,True
detect_gazepoint_ppg_peaks,True,True
detect_gazepoint_pupil_blinks,True,True
detect_gazepoint_saccades,True,True
detect_gazepoint_scr_events,True,True
detect_gazepoint_scr_peaks,True,True
detect_gazepoint_time_columns,True,True
detrend_gazepoint_rri_window,True,True
detrend_gazepoint_signal,True,True
diagnose_gazepoint_biometrics_workflow,True,True
diagnose_gazepoint_cluster_design,True,True
diagnose_gazepoint_sync_drift,True,True
downsample_gazepoint_data,True,True
enhance_gazepoint_ppg_peaks,True,True
epoch_gazepoint_scr,True,True
estimate_gazepoint_breathing_rate_from_ibi,True,True
estimate_gazepoint_cluster_offset,True,True
estimate_gazepoint_cluster_onset,True,True
estimate_gazepoint_eda_recovery_times,True,True
estimate_gazepoint_lsl_clock_offsets,True,True
estimate_gazepoint_respiration_from_ppg,True,True
estimate_gazepoint_samplerate_datetime,True,True
estimate_gazepoint_samplerate_mstimer,True,True
estimate_gazepoint_signal_lag,True,True
export_gazepoint_audit_trail_markdown,True,True
export_gazepoint_biometrics_report_bundle,True,True
export_gazepoint_cluster_results,True,True
export_gazepoint_heartpy_input,True,False
export_gazepoint_mne_cluster_input,True,True
export_gazepoint_permuco_cluster_input,True,True
export_gazepoint_permutes_cluster_input,True,True
export_gazepoint_pipeline_dot,True,True
export_gazepoint_pspm_model_estimates,True,True
export_gazepoint_pyhrv_results,True,True
export_gazepoint_rhrv_input,True,True
export_gazepoint_to_bids,True,True
extract_gazepoint_beats_kmeans,True,True
extract_gazepoint_bilateral_eda_asymmetry,True,True
extract_gazepoint_eda_complexity,True,True
extract_gazepoint_eda_events_biosppy_style,True,True
extract_gazepoint_eda_spectral_power,True,True
extract_gazepoint_eda_tvsymp,True,True
extract_gazepoint_edr_pca,True,True
extract_gazepoint_hrv_asymmetry,True,True
extract_gazepoint_hrv_features,True,True
extract_gazepoint_hrv_fragmentation,True,True
extract_gazepoint_hrv_fuzzy_csi,True,True
extract_gazepoint_hrv_geometric,True,True
extract_gazepoint_hrv_nonlinear,True,True
extract_gazepoint_hrv_rcmse,True,True
extract_gazepoint_hrv_rqa,True,True
extract_gazepoint_markerinfo_pspm_style,True,True
extract_gazepoint_pdr_signals,True,True
extract_gazepoint_ppg_morphology,True,True
extract_gazepoint_ppg_templates,True,True
extract_gazepoint_pyhrv_nn_intervals,True,True
extract_gazepoint_respiration_ceemdan,True,True
extract_gazepoint_scr_recovery_times,True,True
extract_gazepoint_segments_pspm_style,True,True
extract_gazepoint_ttl_events,True,True
filter_gazepoint_gaze,True,True
filter_gazepoint_ibi_implausible,True,True
filter_gazepoint_ppg_butterworth,True,True
filter_gazepoint_ppg_signal,True,True
filter_gazepoint_signal,True,True
fit_gazepoint_convolution_glm,True,True
flag_gazepoint_artifacts_svm,True,True
flag_gazepoint_biometric_dropouts,True,True
flag_gazepoint_hrv_segments,True,True
flag_gazepoint_mad_artifacts,True,True
flag_gazepoint_ppg_quality,True,True
flag_gazepoint_rr_outliers,True,True
flag_kleckner_eda_artifacts,True,True
flip_gazepoint_ppg_signal,True,True
format_gazepoint_biometrics_feature_inventory,True,True
fuse_gazepoint_respiration_kalman,True,True
gazepoint_interoperability_manifest,True,True
generate_gazepoint_manifest,True,True
get_gazepoint_plot_data,True,True
get_gazepoint_plot_settings,True,True
gpbiometrics_info,True,True
import_gazepoint_biometric_folder,True,True
import_gazepoint_biometrics,True,True
import_gazepoint_data,True,True
import_gazepoint_data_summary,True,True
import_gazepoint_event_log,True,True
import_gazepoint_lsl_xdf,True,True
import_gazepoint_pyhrv_results,True,True
impute_gazepoint_missing,True,True
interpolate_gazepoint_pupil_blinks,True,True
join_gazepoint_biometrics_to_gp3tools,True,True
join_gazepoint_biometrics_to_master,True,True
match_gazepoint_events_to_biometrics,True,True
merge_gazepoint_recordings_pspm_style,True,True
model_gazepoint_eda_point_process,True,True
model_gazepoint_hr_point_process,True,True
model_gazepoint_hrv_ipfm,True,True
normalize_gazepoint_scr,True,True
optimize_gazepoint_cvxeda_tau,True,True
pipeline_comparison_dashboard,True,True
plot_gazepoint_aoi_biometrics,True,True
plot_gazepoint_biometric_quality,True,True
plot_gazepoint_biometric_report_dashboard,True,True
plot_gazepoint_biometric_signals,True,True
plot_gazepoint_cluster_null_distribution,True,True
plot_gazepoint_cluster_permutation,True,True
plot_gazepoint_design_coverage,True,True
plot_gazepoint_eda_decomposition,True,True
plot_gazepoint_eda_gram,True,True
plot_gazepoint_export_profile,True,True
plot_gazepoint_missingness,True,True
plot_gazepoint_multimodal_timeline,True,True
plot_gazepoint_ppg_breathing,True,False
plot_gazepoint_ppg_peak_detection,True,False
plot_gazepoint_ppg_poincare,True,False
plot_gazepoint_ppg_segmentwise,True,False
plot_gazepoint_pyhrv_hr_heatplot,True,False
plot_gazepoint_pyhrv_radar_chart,True,False
plot_gazepoint_pyhrv_tachogram,True,False
plot_gazepoint_saccade_main_sequence,True,True
plot_gazepoint_scr_events,True,True
plot_gazepoint_scr_specification_curve,True,True
plot_gazepoint_signal_activity,True,True
plot_gazepoint_signal_quality,True,True
plot_gazepoint_time_resets,True,True
prepare_gazepoint_aoi_biometrics_model_data,True,True
prepare_gazepoint_artifact_svm_features,True,True
prepare_gazepoint_bids_eye,True,True
prepare_gazepoint_bids_physio,True,True
prepare_gazepoint_biometrics_lme_data,True,True
prepare_gazepoint_biosppy_input,True,True
prepare_gazepoint_ctsi_input,True,True
prepare_gazepoint_cvxeda_input,True,True
prepare_gazepoint_eyetrackingr_input,True,True
prepare_gazepoint_gazer_input,True,True
prepare_gazepoint_heartpy_input,True,True
prepare_gazepoint_ledalab_input,True,True
prepare_gazepoint_mixed_model_data,True,True
prepare_gazepoint_mne_events,True,True
prepare_gazepoint_mne_input,True,True
prepare_gazepoint_multimodal_model_data,True,True
prepare_gazepoint_neurokit_eda_input,True,True
prepare_gazepoint_pspm_dcm_input,True,True
prepare_gazepoint_pspm_input,True,True
prepare_gazepoint_pupillometryr_input,True,True
prepare_gazepoint_pyhrv_input,True,True
prepare_gazepoint_pyppg_input,True,True
prepare_gazepoint_rhrv_input,True,True
prepare_gazepoint_scr_hurdle_model_data,True,True
prepare_gazepoint_timecourse_test_data,True,True
preprocess_gazepoint_all,True,True
preprocess_gazepoint_scr_pspm_style,True,True
process_gazepoint_ppg_heartpy_style,True,True
process_gazepoint_ppg_segmentwise,True,True
profile_gazepoint_export_folder,True,True
recommend_gazepoint_biometric_exclusions,True,True
reconstruct_gazepoint_ppg_clipping,True,True
regress_gazepoint_pupil_luminance,True,True
reject_gazepoint_ppg_peaks,True,True
remove_gazepoint_ppg_baseline_wander,True,True
report_gazepoint_cluster_permutation,True,True
report_gazepoint_data_quality,True,True
respiration_from_ppg,True,True
run_gazepoint_automated_statistics,True,True
run_gazepoint_biometrics_real_data_readiness,True,True
run_gazepoint_biometrics_workflow,True,True
run_gazepoint_biosppy_eda,True,True
run_gazepoint_biosppy_ppg,True,True
run_gazepoint_cluster_permutation,True,True
run_gazepoint_cluster_permutation_anova,True,True
run_gazepoint_cluster_permutation_covariate_adjusted,True,True
run_gazepoint_cluster_permutation_lmer,True,True
run_gazepoint_cluster_permutation_parallel,True,True
run_gazepoint_cluster_threshold_sensitivity,True,True
run_gazepoint_eda_analysis_pipeline,True,True
run_gazepoint_heartpy_crosscheck,True,False
run_gazepoint_multidimensional_cluster_permutation,True,True
run_gazepoint_neurokit_eda_crosscheck,True,True
run_gazepoint_online_design_optimization,True,True
run_gazepoint_pyhrv_style,True,True
run_gazepoint_real_data_smoke,True,True
run_gazepoint_scr_multiverse,True,True
run_gazepoint_scr_threshold_sensitivity,True,True
run_gazepoint_tfce,True,True
run_gpbiometrics_shiny,True,True
run_gpbiometrics_shiny_annotator,True,True
scale_gazepoint_ppg_sections,True,False
scale_gazepoint_ppg_signal,True,True
screen_gazepoint_eda_nonresponders,True,True
segment_gazepoint_pyhrv_nni,True,True
session_info_gazepoint,True,True
simulate_gazepoint_artifact,True,True
simulate_gazepoint_biometrics,True,True
simulate_gazepoint_cluster_timecourse_data,True,True
simulate_gazepoint_eye_data,True,True
simulate_gazepoint_multimodal_data,True,True
smooth_gazepoint_biometrics,True,True
smooth_gazepoint_ppg_signal,True,True
smooth_gazepoint_pupil,True,True
split_gazepoint_sessions_pspm_style,True,True
standardise_gazepoint_adaptive_ema,True,True
standardise_gazepoint_biometric_names,True,True
standardise_gazepoint_biometrics_within_unit,True,True
standardise_gazepoint_plot_contract,True,True
standardise_gazepoint_range_correction,True,True
standardise_gazepoint_zscore,True,True
standardize_gazepoint_adaptive_ema,True,False
standardize_gazepoint_biometrics_within_unit,True,True
standardize_gazepoint_column_names,True,True
standardize_gazepoint_columns,True,True
standardize_gazepoint_plot_contracts,True,True
standardize_gazepoint_range_correction,True,False
standardize_gazepoint_zscore,True,False
summarise_gazepoint_aoi_biometrics,True,True
summarise_gazepoint_biometric_validity,True,True
summarise_gazepoint_biometrics_feature_inventory,True,True
summarise_gazepoint_biometrics_workflow,True,True
summarise_gazepoint_decision_log,True,True
summarise_gazepoint_dial_windows,True,True
summarise_gazepoint_engagement_windows,True,True
summarise_gazepoint_fixations_by_aoi,True,True
summarise_gazepoint_full_biometric_windows,True,True
summarise_gazepoint_gsr_tonic_phasic,True,True
summarise_gazepoint_gsr_windows,True,True
summarise_gazepoint_hr_windows,True,True
summarise_gazepoint_hrv_features,True,True
summarise_gazepoint_ibi_hrv_windows,True,True
summarise_gazepoint_ibi_windows,True,True
summarise_gazepoint_multimodal_windows,True,True
summarise_gazepoint_scr_event_windows,True,True
summarize_gazepoint_aoi_dwell,True,True
summarize_gazepoint_audit_trail,True,True
summarize_gazepoint_beat_corrections,True,True
summarize_gazepoint_eventlocked_multimodal,True,True
summarize_gazepoint_export_inventory,True,True
summarize_gazepoint_feature_coverage,True,True
summarize_gazepoint_fixations,True,True
summarize_gazepoint_fixations_by_aoi,True,True
summarize_gazepoint_missingness,True,True
summarize_gazepoint_nonwear,True,True
summarize_gazepoint_preregistration_readiness,True,True
summarize_gazepoint_pupil_events,True,True
summarize_gazepoint_qc_overview,True,True
summarize_gazepoint_scanpath_metrics,True,True
summarize_gazepoint_scr_recovery,True,True
summarize_gazepoint_signal_quality,True,True
summarize_gazepoint_time_clusters,True,True
summarize_gazepoint_tracking,True,True
sync_gazepoint_biometrics_with_gaze,True,True
sync_gazepoint_signals_via_lsl,True,True
test_gazepoint_hrv_nonlinearity,True,True
trim_gazepoint_biometrics_pspm_style,True,True
upsample_gazepoint_data,True,True
validate_gazepoint_biometrics,True,True
validate_gazepoint_format,True,True
validate_gazepoint_gaze,True,True
validate_gazepoint_metadata,True,True
write_gazepoint_biometrics_report_tables,True,True
write_gazepoint_decision_log,True,True
write_gazepoint_export_profile,True,True
write_gazepoint_interoperability_audit,True,True
write_gazepoint_mne_fif,True,True
write_gazepoint_real_data_smoke,True,True
